ols,ridge,lasso,elastic,knn_5,knn_10,knn_15
0.0,0.0,0.25321160194605,0.5297486101817281,0.0,0.045056638799890684,0.17198314907233103
0.0,0.0,0.21653991119222415,0.6123125734555248,0.0,0.17114751535225112,0.0
0.0,0.0,0.7084262484600434,0.0,0.14384322318159876,0.0,0.14773052835835782
0.0,0.0,0.1300803960836729,0.6547864525664491,0.14744177943141487,0.032606086325016215,0.03508528559344693
0.0,0.0,0.0,0.8315327312481078,0.0,0.1684672687518921,0.0
0.026579613581559528,0.0,0.6709773726263305,0.0,0.09400459602500891,0.1869640073198827,0.021474410447218498
0.0,0.0,0.0,0.8480544399250054,0.15194556007499457,0.0,0.0
0.0,0.0,0.17344412925641173,0.6249961484887677,0.05943819860309698,0.0,0.14212152365172356
0.0,0.0,0.0,0.835304377220681,0.0,0.16469562277931907,0.0
0.0,0.0,0.5458990201152923,0.07234611366994727,0.11042171155422474,0.0,0.2713331546605357
0.0,0.0,0.5003304428272417,0.0,0.0,0.062238317491456856,0.43743123968130143
0.7459828586496804,0.0,0.25401714135031955,0.0,0.0,0.0,0.0
0.0,0.0,0.6800977680023506,0.0,0.056427506138919725,0.20754731837415202,0.05592740748457774
0.0,0.0,0.0,0.7935506228664325,0.08645654148823992,0.0,0.11999283564532756
0.0,0.0,0.6288249595193484,0.32536847005090863,0.0140623740977416,0.0,0.03174419633200145
0.0,0.0,0.3708608828127471,0.22524936549981264,0.10018572538667046,0.0,0.30370402630076976
0.0,0.0,0.6805381402809554,0.0,0.023199426326362016,0.23513255445990777,0.06112987893277491
0.0,0.0,0.0,0.7399789601032892,0.0,0.21468093256551293,0.04534010733119783
0.0,0.0,0.0,0.7219901211111557,0.024593000346323085,0.13222873953717013,0.1211881390053511
0.0,0.0,0.0,1.0,0.0,0.0,0.0
0.0,0.0,0.7647989541280735,0.0,0.0,0.2352010458719265,0.0
0.0,0.0,0.624393967349376,0.0,0.05402676938384898,0.0,0.321579263266775
0.0,0.0,0.640628598217986,0.0,0.0,0.0,0.359371401782014
0.0,0.0,0.0,0.7088743791537958,0.29112562084620425,0.0,0.0
0.0,0.0,0.8509486311108752,0.0,0.11479275521474076,0.0,0.03425861367438408
0.0,0.0,0.0,0.7946924123067041,0.08268210695100388,0.0,0.12262548074229206
0.0,0.0,0.34969558555708297,0.2378778948729344,0.0,0.0,0.41242651956998266
0.26139353207619,0.0,0.6655096092439149,0.0,0.0,0.0,0.0730968586798952
0.27915540410259027,0.0,0.0,0.25454162025939314,0.08286370179921042,0.1253253623414401,0.2581139114973662
0.23047971457514732,0.0,0.6305206210377391,0.0,0.0,0.0,0.1389996643871136
0.0,0.0,0.752422264101478,0.0,0.0,0.1819628730337397,0.06561486286478234
0.4627288853288511,0.0,0.3131316345274577,0.0,0.0,0.06603409304588768,0.1581053870978036
0.0,0.0,0.0,0.8125003873233022,0.058607670380295185,0.0,0.12889194229640263
0.0,0.0,0.0,0.456934152552002,0.1086500705222622,0.0,0.43441577692573585
0.40722264141742154,0.0,0.22359645069812134,0.0,0.09251248435593566,0.0,0.2766684235285215
0.11293405737409884,0.0,0.6367888678534098,0.0,0.0,0.0,0.2502770747724914
0.0,0.0,0.0,0.8235823508993761,0.0,0.14750940414428293,0.028908244956340878
0.6388331557933785,0.0,0.3149649704351874,0.0,0.0,0.0,0.04620187377143412
0.0,0.27009766817012754,0.715113516745341,0.0,0.0,0.014788815084531452,0.0
0.0,0.0,0.5343526516128608,0.0,0.0,0.0,0.4656473483871392
0.0,0.0,0.0,0.8646506781394262,0.0,0.0,0.13534932186057388
0.0,0.0,0.5385937728378983,0.35461271700266145,0.0,0.1067935101594402,0.0
0.7840866597349492,0.0,0.2159133402650508,0.0,0.0,0.0,0.0
0.0,0.0,0.5971290478222393,0.0,0.0787613235782942,0.031862233330846194,0.29224739526862037
0.0,0.0,0.0,0.5529360244870957,0.0,0.0,0.4470639755129044
0.0,0.0,0.6055708461352579,0.0,0.0,0.12362884763844427,0.2708003062262978
0.2511161109292546,0.0,0.11095703397119766,0.24659509824456985,0.0,0.1658942418417301,0.22543751501324782
0.6634111618104249,0.0,0.09532846260128988,0.0,0.03282732213993583,0.0,0.2084330534483494
0.5010242103537395,0.0,0.1831210712615777,0.0,0.0,0.097373476398619,0.2184812419860639
0.46620731603322474,0.0,0.3252623375333123,0.0,0.13675366966239272,0.0,0.07177667677107041
0.2556970935866112,0.0,0.3413447608101101,0.0,0.13594758342665522,0.026718938876117468,0.2402916233005061
0.0,0.0,0.24742524490946488,0.5290004827250169,0.17760975372344592,0.0,0.04596451864207243
0.0,0.0,0.7061343752449943,0.13918016506211933,0.045706658655000995,0.10897880103788535,0.0
0.0,0.0,0.672496253795443,0.0,0.05307904354739422,0.2744247026571628,0.0
0.34170708953885004,0.0,0.0,0.30626895954075795,0.11102773280176183,0.0,0.24099621811863028
0.0,0.0,0.5902574498393882,0.0,0.21033021047746475,0.0,0.19941233968314706
0.0,0.0,0.6709773215102414,0.0,0.019370876163033495,0.24133885299344818,0.068312949333277
0.0,0.0,0.0,0.8942043837086736,0.018426403487849213,0.0,0.08736921280347718
0.0,0.0,0.5545076563318727,0.08867147725927078,0.03256439356124387,0.0,0.3242564728476126
0.44787348617724554,0.0,0.33531039397981066,0.0,0.05279229936931815,0.1265987527002835,0.03742506777334214
0.5283837719078529,0.0,0.12124373319439005,0.040897670750950604,0.0,0.3094748241468064,0.0
0.4755794313846389,0.0,0.31605027207040887,0.0,0.0,0.0,0.20837029654495234
0.0,0.0,0.728175872870971,0.0,0.14640076983912365,0.0,0.12542335728990542
0.39890428372095355,0.0,0.2713422163582465,0.0,0.17077429395082874,0.0762390584573957,0.08274014751257547
0.5202223310189548,0.0,0.3283917682552863,0.0,0.13587042908350028,0.0,0.015515471642258671
0.0,0.0,0.29090715651654975,0.43970517265172526,0.0,0.269387670831725,0.0
0.0,0.0,0.27520731178909125,0.4784077537836403,0.05165632147384,0.02943399087784508,0.1652946220755834
0.0,0.0,0.8778997584009507,0.026214455009949192,0.02246558944285184,0.0,0.07342019714624833
0.11670673173916796,0.0,0.47306649558625347,0.0,0.1992321588594163,0.10361144382320803,0.10738316999195432
0.0,0.0,0.0,0.6684570590003378,0.14396622791704206,0.1875767130826202,0.0
0.0,0.0,0.1702382964426301,0.6507386189310526,0.0885870563966458,0.0,0.09043602822967153
0.02966428221963702,0.0,0.6291087704647301,0.0,0.22130911664856132,0.0,0.11991783066707158
0.0,0.0,0.0,0.802549878271205,0.09128684551535478,0.0,0.1061632762134401
0.0,0.0,0.6780863029390451,0.0,0.03971828377830554,0.05275798652062115,0.22943742676202816
0.0,0.0,0.6671331806076778,0.0,0.13530972803289498,0.19755709135942723,0.0
0.5568387558830041,0.0,0.33699538948789487,0.0,0.0,0.058199272585498354,0.04796658204360263
0.19474204592231534,0.0,0.3840697367757027,0.0,0.04603958916196047,0.0,0.37514862814002153
0.0,0.0,0.7509214266031291,0.0,0.06567333180149183,0.11692864736680993,0.066476594228569
0.07509096186563595,0.0,0.5440593140275025,0.0,0.15737302847448165,0.03897443520748843,0.18450226042489148
0.0,0.0,0.0,0.6038279769241476,0.0,0.2519140779632655,0.14425794511258683
0.0,0.16353231469220683,0.5400815002859096,0.0,0.08957341195966874,0.0,0.20681277306221488
0.0,0.0,0.3262441132665433,0.3897744692324028,0.09633793160583434,0.0,0.1876434858952197
0.0,0.0,0.9101072288489143,0.0,0.0,0.0,0.08989277115108578
0.0,0.0,0.0,0.8547734030186562,0.022352818524795485,0.1228737784565483,0.0
0.3457887439331782,0.0,0.2929484270694857,0.0,0.19827882571911196,0.16298400327822415,0.0
0.0,0.0,0.5911859090495755,0.09738773609656845,0.0,0.0,0.31142635485385617
0.4444645592825403,0.0,0.04121508889554941,0.5143203518219103,0.0,0.0,0.0
0.3617496286920021,0.0,0.5597510576879869,0.0,0.0,0.07849931362001089,0.0
0.0,0.0,0.6035124852749999,0.0,0.16027129851183994,0.0606436916149647,0.17557252459819533
0.0,0.0,0.0,0.6460193780860114,0.037208976014705714,0.0,0.3167716458992829
0.0,0.0,0.4570594563763467,0.5049460830445254,0.0,0.0,0.03799446057912796
0.2544110765943876,0.0,0.38921470153585125,0.33204042327661987,0.0,0.0,0.024333798593141293
0.0,0.0,0.3605875230545414,0.20284600879091927,0.19150487784551032,0.0,0.24506159030902916
0.4074823016023012,0.0,0.2735803310210392,0.0,0.0,0.0,0.3189373673766596
0.0,0.0,0.2274508069602656,0.39670154789989637,0.0,0.07233612434182374,0.30351152079801413
0.21661662360583647,0.0,0.0,0.43153199115302426,0.20962485689969482,0.0,0.1422265283414445
0.0,0.0,0.7763584625884209,0.0,0.0,0.0,0.22364153741157916
0.0,0.0,0.0,0.8901831228082286,0.03949201451857132,0.07032486267319998,0.0
0.4148790048839037,0.0,0.31923371091337893,0.0,0.0,0.0,0.2658872842027174
0.0,0.0,0.0,0.845907665388117,0.10343899469965477,0.0,0.0506533399122283
0.0,0.0,0.15004868366932872,0.675083712803207,0.13779153481181008,0.020805359561502278,0.01627070915415175
0.0,0.0,0.0,0.6028012154015119,0.22753610216770861,0.11099045173598736,0.05867223069479222
0.41071826402780875,0.0,0.31164191821687615,0.0,0.0,0.021009198286593117,0.25663061946872195
0.0,0.0,0.0,0.7232181767645467,0.16382169807667485,0.06024584882757336,0.05271427633120514
0.09996477627073876,0.0,0.0,0.5337574022404299,0.3233049900729426,0.0,0.04297283141588886
0.0,0.0,0.7619048123809273,0.0,0.0,0.0,0.23809518761907267
0.0,0.0,0.7269347985190038,0.0,0.0,0.06591127056151408,0.20715393091948223
0.0,0.0568689530161445,0.9116482627279416,0.0,0.03148278425591387,0.0,0.0
0.0,0.0,0.0,0.6746389122171259,0.036517194575061696,0.0,0.2888438932078125
0.0,0.0,0.0,0.716531950510485,0.0,0.0,0.283468049489515
0.0,0.0,0.5747395834314218,0.0,0.04899756256428633,0.37626285400429177,0.0
0.0,0.0,0.32669075559717586,0.5089304908316916,0.0,0.0,0.1643787535711324
0.0,0.0,0.0,0.7773393201136808,0.0,0.08895030734501595,0.1337103725413033
0.3138681702674888,0.0,0.3358764844489117,0.0,0.03497474503672271,0.0,0.31528060024687676
0.5627430117078973,0.0,0.20885853855677983,0.0,0.0,0.0,0.2283984497353229
0.0,0.0,0.0,0.7655658712623625,0.23443412873763753,0.0,0.0
0.0,0.0,0.3500623391627508,0.5662362275851749,0.0837014332520743,0.0,0.0
0.0,0.0,0.7077707318646406,0.0,0.095320026719026,0.0,0.19690924141633345
0.0,0.0,0.0,0.6993562823170795,0.0,0.0,0.3006437176829206
0.30763120412680905,0.0,0.6196671295134507,0.0,0.0,0.0,0.07270166635974014
0.0,0.0,0.0,0.8422773309606683,0.0941418422841345,0.0,0.06358082675519705
0.0,0.0,0.0283762986892393,0.7346992046682025,0.03552286651286459,0.0,0.20140163012969362
0.0,0.0,0.0,0.6967069550117198,0.21442151045934593,0.0,0.08887153452893433
0.3904549408833004,0.0,0.33589609339829646,0.055741935971723645,0.0,0.0,0.21790702974667955
0.0,0.0,0.5462337355088809,0.37533715806559936,0.07842910642551985,0.0,0.0
0.0,0.0,0.6467955024351382,0.0,0.054463728747570474,0.29874076881729145,0.0
0.0,0.0,0.0,0.6773161950397126,0.17079464842632047,0.0,0.1518891565339668
0.0,0.0,0.7605002548339328,0.0,0.025331339636843524,0.0,0.21416840552922362
0.0,0.0,0.6684127138811651,0.0,0.20248336467128897,0.0,0.1291039214475459
0.07297581443942706,0.0,0.09333231855121107,0.5229604779852128,0.0,0.0,0.310731389024149
0.0,0.0,0.0,0.6723653123292359,0.0,0.0,0.32763468767076415
0.0,0.0,0.7182127649071021,0.0,0.0,0.28178723509289794,0.0
0.307337697899885,0.0,0.6520322655311895,0.0,0.0,0.01941000064521886,0.021220035923706485
0.0,0.0,0.5729191328319592,0.2624890440726176,0.13726859229887411,0.02732323079654922,0.0
0.28809033851352545,0.0,0.6336076399869611,0.0,0.05496495527760987,0.0,0.023337066221903555
0.0,0.29061703933936667,0.6031291959386402,0.0,0.0,0.0,0.1062537647219931
0.0,0.0,0.13123879230758217,0.5632999743935132,0.0,0.0,0.30546123329890457
0.0,0.0,0.9109287889595812,0.0,0.0,0.08907121104041883,0.0
0.0,0.0,0.0,0.9213115646287596,0.07868843537124036,0.0,0.0
0.0,0.0,0.0,0.655218142230211,0.26494109137730115,0.0,0.0798407663924879
0.035349133344992914,0.0,0.0,0.783475479891827,0.0,0.04570643026778014,0.13546895649540014
0.0,0.0,0.09736957399749678,0.7326614358901182,0.0,0.09620304667711294,0.07376594343527203
0.0,0.0,0.43951040386561036,0.5061179628495727,0.0,0.017170155338397067,0.037201477946420036
0.5010450085384703,0.0,0.16453557943785552,0.0,0.0,0.0,0.33441941202367403
0.0,0.3321674513447409,0.21301088279523406,0.2378437042519158,0.0,0.21697796160810923,0.0
0.0,0.0,0.8633144445856893,0.0,0.09648813150204746,0.04019742391226327,0.0
0.0,0.0,0.0,0.7401202154383137,0.0,0.05480698984912017,0.20507279471256615
0.2899645875353303,0.0,0.4086755503488843,0.0,0.08882352259686116,0.0,0.21253633951892423
0.34374895646430287,0.0,0.0,0.43336026420696416,0.02149735114640569,0.0,0.20139342818232725
0.0,0.0,0.0,0.6916809885834025,0.047319554636504245,0.02346935811065358,0.23753009866943964
0.0,0.0,0.5981584925884916,0.0,0.0,0.1268679529433263,0.27497355446818206
0.22787558240768843,0.0,0.45516740804434497,0.0,0.0,0.0,0.3169570095479666
0.0,0.0,0.8113880086353137,0.0,0.0,0.10120802839125312,0.08740396297343327
0.42374402338446093,0.0,0.3452581765031344,0.0,0.0,0.10056947654596834,0.13042832356643633
0.0,0.0,0.8522520610858155,0.0,0.0,0.06773512846156214,0.08001281045262232
0.40360554634349555,0.0,0.5087557485287175,0.0,0.042443506649581984,0.0,0.04519519847820506
0.18318297921252452,0.0,0.5477480314943286,0.0,0.05526563474568207,0.08585136529414827,0.12795198925331663
0.0,0.0,0.7894060376594005,0.0,0.0,0.12054255771113993,0.09005140462945967
0.0,0.0,0.6784114417705915,0.0,0.02766803178167501,0.25571015256695157,0.038210373880782
0.0,0.0,0.7929682832525244,0.0,0.053908882039605775,0.04602053823516412,0.10710229647270551
0.4447818038774365,0.0,0.2518223908576187,0.0,0.0,0.0,0.30339580526494475
0.3629408321583913,0.0,0.4980551132934174,0.0,0.029114524955545413,0.10988952959264589,0.0
0.21723460034279066,0.0,0.39663981912140134,0.0,0.21322559757370355,0.17289998296210451,0.0
0.0,0.0,0.6228018727634527,0.0,0.0,0.0,0.37719812723654744
0.11308065901475628,0.0,0.7356744217090805,0.0,0.1512449192761632,0.0,0.0
0.0,0.0,0.25881379997157006,0.5801478481396894,0.0867295266242239,0.07430882526451656,0.0
0.0,0.0,0.651738448228933,0.0,0.0,0.0,0.34826155177106705
0.0,0.0,0.0,0.9025077366690231,0.0768119366191261,0.02068032671185081,0.0
0.45470689862741603,0.0,0.545293101372584,0.0,0.0,0.0,0.0
0.0,0.0,0.0,0.8019664973570655,0.052825861277637616,0.14520764136529693,0.0
0.045066786145588594,0.0,0.6965841605964576,0.0,0.0,0.12370109873661905,0.13464795452133485
0.0,0.0,0.2891783025755065,0.5921046610434234,0.11871703638106999,0.0,0.0
0.0,0.0,0.6297527590806113,0.0,0.0,0.3004207964398986,0.0698264444794902
0.6445067522521616,0.0,0.05228938872758855,0.0,0.03343742296568565,0.10612609375690363,0.16364034229766058
0.0,0.23203897157184714,0.4899605007542652,0.0,0.09135822127618377,0.03966653613046195,0.14697577026724193
0.0,0.0,0.7230876219595651,0.0,0.020312988222167663,0.0,0.2565993898182673
0.0,0.0,0.0,0.8951089578905355,0.0,0.0,0.1048910421094645
0.0,0.0,0.0,0.8441356945353028,0.0,0.0,0.15586430546469726
0.6302652670969877,0.0,0.11510262946538223,0.0,0.02492070157698936,0.0,0.22971140186064087
0.0,0.0,0.06861920027765595,0.6064260161902824,0.058873546831897904,0.0,0.26608123670016387
0.360825729770479,0.0,0.31253495910903295,0.0,0.0,0.28327914039173546,0.04336017072875258
0.0,0.0,0.7759860885584414,0.03250049789483112,0.17590286995943955,0.0,0.015610543587287968
0.0,0.0,0.0,1.0,0.0,0.0,0.0
0.0,0.0,0.87233784030032,0.0,0.0,0.0,0.12766215969967998
0.0,0.0,0.5111940636092078,0.0,0.0,0.28159856179803494,0.20720737459275723
0.0,0.0,0.4871962438168236,0.0,0.15730788418459296,0.0,0.3554958719985835
0.047408985407411675,0.0,0.0,0.9064428376502932,0.04614817694229514,0.0,0.0
0.0,0.0,0.0,0.7692457691170683,0.0,0.0,0.23075423088293162
0.0,0.0,0.6629773041049344,0.0,0.0324642013521929,0.25115912157755327,0.05339937296531956
0.1106486873735741,0.0,0.4553831274190626,0.36068791200353445,0.0,0.0,0.07328027320382881
0.0,0.0,0.12709810555028705,0.6317735927878156,0.048933608390607466,0.0454278516310018,0.1467668416402881
0.0,0.0,0.0,0.7088765973428425,0.0866474920070333,0.05052077281266872,0.1539551378374555
0.0,0.20182109586619937,0.639400384147018,0.0,0.017623830084880308,0.0,0.14115468990190233
0.011539280727853308,0.0,0.08988657897476458,0.7361059221318264,0.0,0.1420059956633841,0.020462222502171577
0.0,0.0,0.13931629821075595,0.6025880492635141,0.0,0.15162103643150063,0.10647461609422927
0.0,0.0,0.6806813428743785,0.0,0.08544339100896976,0.09485474141759422,0.13902052469905746
0.0,0.0,0.6939692782830862,0.0,0.08045445366569957,0.2255762680512143,0.0
0.0,0.0,0.0,0.7755865988045364,0.0,0.0,0.22441340119546357
0.0,0.0,0.7683139665297585,0.0,0.0,0.23168603347024158,0.0
0.0,0.0,0.1492473092468215,0.5240657426792685,0.18298414542671748,0.0,0.14370280264719262
0.0,0.0,0.5559603893911909,0.0,0.0,0.18542454764669497,0.2586150629621142
0.45649652897199067,0.0,0.18391835747442642,0.0,0.0,0.0,0.35958511355358297
0.10673774651045602,0.0,0.0,0.6130611673379942,0.20342457930537672,0.07677650684617288,0.0
0.0,0.0,0.2756477664633329,0.4028310982294031,0.07971014502374593,0.0,0.241810990283518
0.0,0.0,0.6644279913881505,0.0,0.0,0.0,0.33557200861184966
0.36703352652083904,0.0,0.49111703125510936,0.0,0.08830320621927444,0.0,0.053546236004777155
0.0,0.0,0.695547942182308,0.0,0.08468278287807723,0.0,0.21976927493961484
0.7286688230580315,0.0,0.24938380446607816,0.0,0.0,0.0,0.021947372475890316
0.01940883007163802,0.0,0.5703818870686532,0.0,0.41020928285970865,0.0,0.0
0.36422074224893747,0.0,0.40450504444106944,0.0,0.05563660393012921,0.010273570475660167,0.16536403890420373
0.09040440505742883,0.0,0.5353810662914681,0.0,0.18518689942972044,0.0,0.18902762922138266
0.3363566212810248,0.0,0.4255603103467348,0.0,0.1704078657963874,0.0,0.06767520257585316
0.0,0.0,0.11591506115497101,0.6809651868580359,0.0,0.08896589293475496,0.11415385905223824
0.0,0.0,0.2590048575530447,0.44308480072273576,0.06271517459993492,0.0,0.2351951671242847
0.341697866632209,0.0,0.3894576620660929,0.0,0.24405371061935732,0.0,0.02479076068234071
0.2735275351557524,0.0,0.3505723288526897,0.17091277712255515,0.09138519887774292,0.0,0.11360215999125993
0.0,0.0,0.0,0.7887542461443323,0.0,0.02920777989264149,0.18203797396302626
0.0,0.0,0.030815042885813694,0.6379848514877653,0.2038326509396389,0.12736745468678207,0.0
0.587650414999464,0.0,0.367591473737087,0.0,0.0,0.0,0.04475811126344896
0.0,0.0,0.0,0.7224215902588967,0.038640801915093274,0.09820111511238007,0.14073649271363
0.08228321961616389,0.0,0.0,0.8336452652733902,0.02383164018002529,0.060239874930420566,0.0
0.0,0.0,0.0,0.7062428392962699,0.08886777228016886,0.0,0.20488938842356133
0.05727039878458664,0.0,0.6899021796532515,0.0,0.1999913254935036,0.052836096068658314,0.0
0.0,0.0,0.6812004482814192,0.0,0.0,0.0,0.31879955171858076
0.4353717181250535,0.0,0.3944157922514499,0.0,0.10135064457045459,0.06886184505304203,0.0
0.0,0.0,0.3700106665556593,0.3877872849537775,0.0,0.14529703023545582,0.0969050182551074
0.0,0.0,0.4475062229727217,0.0,0.22373844068345042,0.0,0.3287553363438279
0.0,0.0,0.4072143947444515,0.5566230708526545,0.0,0.0,0.03616253440289391
0.0,0.0,0.0,0.5481939005885248,0.12261406044303155,0.0,0.3291920389684436
0.6524234446945896,0.0,0.19673953370642197,0.0,0.021913449042423788,0.12892357255656467,0.0
0.0,0.0,0.2923685343457035,0.5602769934462303,0.06309501476462585,0.08425945744344036,0.0
0.5565233151492395,0.0,0.02213308599651404,0.0645502566868745,0.26106534467986786,0.0,0.0957279974875041
0.19331326250161593,0.0,0.4841676458060378,0.0,0.11764581547122697,0.0,0.2048732762211193
0.0,0.0,0.0,0.6598915234430406,0.19269230141536223,0.0892430010123004,0.05817317412929689
0.8998264860832881,0.0,0.0,0.0,0.10017351391671196,0.0,0.0
0.0,0.0,0.7445669290337739,0.0,0.12650162228663286,0.0,0.12893144867959336
0.0,0.0,0.0,0.8342915074779035,0.0,0.13744152839455834,0.028266964127538242
0.08161120109661628,0.0,0.0,0.7373698456053083,0.1249351142223841,0.0,0.056083839075691345
0.32743789603443546,0.0,0.26616407578099266,0.0,0.0,0.17695940323452364,0.22943862495004833
0.0,0.0,0.37471689129508534,0.30335720755481504,0.1417227244271215,0.011442146835478628,0.16876102988749953
0.0,0.0,0.554848892432007,0.2072290225413234,0.139523518184126,0.06989649424888682,0.028502072593656953
0.20807660467487868,0.0,0.603026811142927,0.0,0.13077064311312842,0.058125941069066,0.0
0.30940204178045044,0.0,0.4820256654584107,0.0,0.07603931280718765,0.0,0.13253297995395116
0.19723407693094724,0.0,0.37952388396557374,0.12464318649927092,0.17412815605975066,0.0,0.12447069654445744
0.0,0.0,0.6577928881726136,0.0,0.11831420565720191,0.22389290617018442,0.0
0.16918455732345375,0.0,0.4230417499865135,0.0,0.18319888247417937,0.05782000817368463,0.16675480204216886
0.0,0.0,0.0,0.9253482294746139,0.0,0.0,0.07465177052538613
0.0,0.0,0.0,0.8844285772596615,0.0,0.0,0.11557142274033844
0.45489290665946586,0.0,0.5451070933405342,0.0,0.0,0.0,0.0
0.19516041183680916,0.0,0.5144312845904291,0.0,0.011345563049205845,0.25988615530699255,0.019176585216563194
0.0,0.0,0.6095261181215585,0.0,0.18995689115492,0.0,0.20051699072352153
0.0,0.0,0.0,0.983161904578095,0.0,0.0,0.016838095421904956
0.020969515714023328,0.0,0.5300379393638247,0.0,0.17813621126388016,0.27085633365827194,0.0
0.6026021768392518,0.0,0.27838732542032946,0.0,0.0,0.0,0.11901049774041876
0.0,0.0,0.6082969705291467,0.0,0.10631966415487125,0.0,0.2853833653159821
0.11229653965611165,0.0,0.5967393492372222,0.0,0.11739016182548308,0.14359699040476526,0.02997695887641783
0.5143870945301646,0.0,0.2739563934232437,0.0,0.0,0.2116565120465917,0.0
0.3943766345122025,0.0,0.0,0.42261923306846233,0.11934488071418371,0.013709815617716711,0.04994943608743473
0.0,0.0,0.6888731735847785,0.09334722149760782,0.12913122149213938,0.02508892681965219,0.06355945660582228
0.0,0.0,0.02145392807960603,0.8235618681854882,0.15498420373490587,0.0,0.0
0.0,0.0,0.17195981360200643,0.5720626446716239,0.07595106326734212,0.11385592016362431,0.06617055829540319
0.09364986645414135,0.0,0.653661636522992,0.0,0.0,0.0,0.25268849702286655
0.0,0.0,0.7310416369685097,0.07245733219521795,0.027883245158145043,0.1686177856781273,0.0
0.04455063404925347,0.0,0.0,0.8746174794420921,0.08083188650865451,0.0,0.0
0.43895574311750846,0.0,0.42463675157328606,0.0,0.0,0.0,0.13640750530920556
0.06100040208439007,0.0,0.5559886568175895,0.0,0.14824380825983102,0.0,0.23476713283818954
0.06508395787054914,0.0,0.9056290044855756,0.0,0.0,0.0,0.02928703764387512
0.0,0.0,0.1909205101584585,0.5311662745303536,0.05903990884819393,0.21887330646299405,0.0
0.0,0.0,0.6924567607590003,0.0,0.09052410508911866,0.0,0.21701913415188104
0.0,0.0,0.0,0.8098646154549755,0.0,0.19013538454502454,0.0
0.41870587652185537,0.0,0.301984791999635,0.0,0.22759192813108078,0.0,0.05171740334742877
0.0,0.0,0.7382082659474575,0.0,0.08671148365362233,0.0,0.1750802503989202
0.0,0.0,0.8116584182739892,0.0,0.18834158172601084,0.0,0.0
0.44180282179768765,0.0,0.2196045923582354,0.338592585844077,0.0,0.0,0.0
0.0,0.0,0.0,0.679929927760254,0.04841170461657791,0.12846406458926274,0.14319430303390543
0.0,0.0,0.7337365677345669,0.0,0.05505882097215621,0.211204611293277,0.0
0.41629216888493875,0.0,0.5837078311150613,0.0,0.0,0.0,0.0
0.14930815910780512,0.0,0.5698563782682162,0.0,0.05403680649946345,0.0,0.22679865612451533
0.6141317444505227,0.0,0.09951455028399683,0.0,0.0,0.08409638513525074,0.20225732013022973
0.0,0.0,0.4020789494299385,0.18653436554497185,0.0,0.0,0.4113866850250896
0.06675270505734664,0.0,0.0,0.5495953572015716,0.1407216060256756,0.0,0.24293033171540623
0.0,0.0,0.0,0.8032192257397105,0.18621615096646518,0.0,0.010564623293824354
0.29644690074921143,0.0,0.497381460753055,0.0,0.0,0.2061716384977336,0.0
0.0,0.0,0.7592187294848511,0.0,0.01814437949038999,0.0,0.22263689102475898
0.0,0.0,0.7433975159892366,0.0,0.09869312020698809,0.15790936380377527,0.0
0.21932208061972494,0.0,0.0,0.4857209562075252,0.0,0.11327982522339608,0.18167713794935386
0.0,0.0,0.0,0.7800343247314713,0.0,0.0,0.21996567526852884
0.4052718634967648,0.0,0.3235642124634661,0.0,0.11466349210268267,0.0,0.15650043193708646
0.0,0.0708176291460864,0.7900359245409376,0.0,0.1391464463129761,0.0,0.0
0.0,0.0,0.06934279002863733,0.7081883425689155,0.17399163896142986,0.0,0.048477228441017345
0.0,0.0,0.0,0.6444019611080405,0.18366119523921118,0.0,0.17193684365274842
0.0,0.0,0.0,0.8559553563380209,0.0,0.051475080365909705,0.09256956329606938
0.0,0.0,0.6585790249097262,0.0,0.2025068212079392,0.09148521767244099,0.047428936209893705
0.03185957909014152,0.0,0.7021010631234873,0.0,0.0,0.050296959951982884,0.2157423978343883
0.12283392725937822,0.0,0.5679830810765152,0.0,0.05289571201514992,0.11147777210089908,0.1448095075480575
0.0,0.0,0.6359770175391722,0.06689415289537533,0.023783041145556072,0.2733457884198964,0.0
0.0,0.0,0.0,0.5783324201422498,0.0,0.05377660126426229,0.3678909785934879
0.14434384513349174,0.0,0.4760789992652418,0.0,0.0,0.08914353655175616,0.2904336190495103
0.0,0.0,0.0,0.7881486718556924,0.14499972234303862,0.0,0.06685160580126898
0.0,0.0,0.0,0.6309313134343256,0.03353333603896867,0.33553535052670574,0.0
0.4663574842455715,0.0,0.2720980181919879,0.0,0.010262006727453048,0.07450366898294557,0.176778821852042
0.42244277410630293,0.0,0.40717358903510004,0.0,0.017944119723831187,0.15243951713476595,0.0
0.0,0.0,0.0,0.8567589644703225,0.0770565126741211,0.06618452285555641,0.0
0.0,0.0,0.0,0.6555718483373278,0.07324578592789512,0.0,0.2711823657347771
0.31368657412432366,0.0,0.5292935679691632,0.0,0.0,0.1570198579065133,0.0
0.0,0.0,0.5956442572401556,0.0,0.21521014207742867,0.18914560068241576,0.0
0.0,0.0,0.5682648398798501,0.0,0.03239681866731332,0.024386469654780342,0.37495187179805617
0.09643296169418071,0.0,0.0,0.642571630226301,0.0,0.0,0.2609954080795182
0.26569548375733826,0.0,0.3486065592117312,0.0,0.06465525444119144,0.18371994526774132,0.13732275732199772
0.0,0.0,0.0,1.0,0.0,0.0,0.0
0.0,0.0,0.5714977036959277,0.0,0.07784191844470818,0.08116700890814854,0.2694933689512156
0.1283692309571494,0.0,0.0,0.5878584871215783,0.26901579645253554,0.014756485468736794,0.0
0.0,0.0,0.06088893944224311,0.6425827693199502,0.0,0.0,0.29652829123780666
0.0,0.0,0.7191225853150176,0.0,0.0,0.0,0.2808774146849824
0.0,0.0,0.0,0.7702873822210716,0.10362475903724716,0.03268261605947719,0.09340524268220408
0.0,0.5272058820107318,0.27353966158353143,0.0,0.0,0.038327670396989234,0.16092678600874766
0.0,0.0,0.6803448038650427,0.0,0.023880178137193495,0.0,0.2957750179977638
0.0,0.0,0.6076992370364084,0.0,0.06567154885011847,0.017926311571879638,0.3087029025415935
0.0,0.0,0.8423134980980931,0.0,0.0,0.0,0.15768650190190694
0.0,0.0,0.07391290390613439,0.4889485331685181,0.18744923634110006,0.22907888788441605,0.02061043869983144
0.49668555241366324,0.0,0.2645010483351378,0.03902746622903207,0.0,0.1997859330221669,0.0
0.2485563861745252,0.0,0.4394911898158221,0.0,0.13126109952520307,0.0,0.18069132448444974
0.0,0.0,0.0,0.6625445744156425,0.05385131640702123,0.19327487814833139,0.09032923102900495
0.4038705400962209,0.0,0.2112800186505236,0.0,0.0,0.0,0.38484944125325554
0.0,0.0,0.0,0.7901768425474468,0.0,0.08696567632180988,0.1228574811307433
0.0,0.0,0.0,0.8129771856120508,0.03342407332850979,0.02089123728228922,0.13270750377715018
0.40604082328825924,0.0,0.3417022190329478,0.0,0.20434043643312752,0.0,0.04791652124566532
0.014415152629451733,0.0,0.5796444291482641,0.0,0.18395271542947206,0.150584863737663,0.07140283905514909
0.0,0.0,0.0,0.7785737708021739,0.04614467444692584,0.1752815547509003,0.0
0.08446415249821448,0.0,0.21502302788071279,0.6048949942111118,0.0956178254099609,0.0,0.0
0.0,0.0,0.4276588888265796,0.44162857491283597,0.06243226482526799,0.06828027143531645,0.0
0.0,0.0,0.7373094758268565,0.0,0.09094531508923333,0.1717452090839103,0.0
0.3909333194490691,0.0,0.40844557806302717,0.0,0.02621515188103469,0.0,0.17440595060686903
0.43091892914493074,0.0,0.46178405487120566,0.0,0.0,0.10729701598386356,0.0
0.553643016440972,0.0,0.0,0.34063559073194666,0.08480302837316185,0.02091836445391961,0.0
0.09973633873383776,0.0,0.868758579737685,0.0,0.0,0.0,0.03150508152847736
0.0,0.0,0.4519240846648045,0.5196888841682674,0.02838703116692811,0.0,0.0
0.5776887401534173,0.0,0.15150529460113318,0.0,0.17076456821610309,0.0,0.1000413970293464
0.0,0.0,0.6552399136097364,0.0,0.013962480536863572,0.14556963423643673,0.18522797161696322
0.1023056161673586,0.0,0.0,0.7099168001583746,0.0,0.0,0.18777758367426695
0.1215352918018075,0.0,0.6763439381763956,0.0,0.0,0.11745272915497017,0.08466804086682671
0.0,0.0,0.6221366626837523,0.0,0.10299529467136642,0.14532240330693755,0.12954563933794377
0.0,0.0,0.4756941445860012,0.17065510300503128,0.0,0.195069325990556,0.15858142641841155
0.03585850148763056,0.0,0.0,0.7872774626859371,0.06225727095329824,0.0,0.11460676487313415
0.0,0.0,0.1570352676042524,0.6038146935759898,0.0,0.09836377861066098,0.14078626020909693
0.0,0.0,0.8358245948130053,0.0,0.1272501415701096,0.036925263616885064,0.0
0.0,0.2736140899102745,0.3186430246177256,0.0,0.13824218716160058,0.2695006983103993,0.0
0.0,0.0,0.0,0.8125166086762395,0.0,0.18748339132376055,0.0
0.0,0.0,0.39708213648564167,0.6029178635143584,0.0,0.0,0.0
0.0,0.0,0.7434691617106051,0.0,0.1680203201477049,0.08851051814169004,0.0
0.3209712433143439,0.0,0.6010116635060666,0.0,0.07801709317958955,0.0,0.0
0.0,0.0,0.0,0.7034506727670281,0.0,0.0,0.29654932723297184
0.0,0.0,0.6576821509361795,0.06032318262825426,0.1387641695309782,0.0,0.14323049690458792
0.0,0.0,0.7717274247165233,0.0,0.0,0.0,0.22827257528347675
0.0,0.0,0.7155017967067138,0.0,0.03869091510656899,0.17813331284887413,0.06767397533784324
0.0,0.0,0.03169363436069111,0.7008801777817951,0.0,0.10139704722221816,0.16602914063529559
0.4112876178757335,0.0,0.0,0.23294941494565818,0.14899239343750395,0.2067705737411044,0.0
0.0,0.0,0.0,0.9674757906386815,0.0,0.0,0.03252420936131849
0.20286186953814891,0.0,0.4537526646884179,0.0,0.0,0.30832450115111487,0.03506096462231828
0.4731347186286411,0.0,0.21328695265626715,0.0,0.017896355243428037,0.041451979775265435,0.2542299936963982
0.0,0.0,0.661822627578454,0.0,0.09511096051039457,0.0,0.24306641191115141
0.0,0.0,0.6432989881573034,0.0,0.0,0.16875089004084995,0.18795012180184678
0.0,0.03680674667765457,0.7252861695956321,0.0,0.0,0.17763065918044182,0.060276424546271454
0.0,0.0,0.0,0.7368632846838751,0.0,0.0,0.2631367153161249
0.0,0.0,0.10144305008463825,0.6128248636346042,0.0,0.28573208628075764,0.0
0.0,0.13983888934075825,0.0,0.7856756613422217,0.0,0.0,0.07448544931702004
0.0,0.0,0.6165451546485616,0.0,0.0,0.0,0.3834548453514384
0.4058802384986695,0.0,0.4075883536025824,0.08532114391107067,0.0,0.0,0.10121026398767737
0.0,0.0,0.7218997585730644,0.0,0.0,0.13731005455737308,0.14079018686956257
0.0,0.0,0.789707318513277,0.12047520922466212,0.0,0.0898174722620608,0.0
0.11264257674130275,0.0,0.745837746428142,0.0,0.0,0.1415196768305553,0.0
0.0,0.0,0.5915273561945623,0.0682602693772398,0.0,0.0,0.3402123744281979
0.0,0.0,0.5930377789882396,0.19140095389032288,0.17813731185523465,0.03742395526620284,0.0
0.3742343221746149,0.0,0.49673140431772494,0.0,0.0,0.0,0.12903427350766017
0.0,0.0,0.0,0.7618451664507425,0.0,0.0,0.23815483354925746
0.0,0.0,0.0,0.5338352994735543,0.17441365241650608,0.0,0.29175104810993957
0.0,0.0,0.4102444564011355,0.38236338969679345,0.0,0.0,0.20739215390207094
0.0,0.0,0.0,0.8347744845458305,0.0,0.16522551545416958,0.0
0.20811191794549144,0.0,0.4729887403543251,0.0,0.20207194024706865,0.11682740145311483,0.0
0.1789253322452992,0.0,0.5187314104913446,0.0,0.019610957491450764,0.04127930578102164,0.24145299399088374
0.10191699385203214,0.0,0.213530227869989,0.45476706005080314,0.15009014281818056,0.0,0.07969557540899531
0.0,0.0,0.8353905421444959,0.0,0.07706532543935184,0.052925108825040444,0.0346190235911118
0.0,0.0,0.6934477714026743,0.0,0.20546789796103715,0.011544631400638916,0.08953969923564968
0.25426397113528504,0.0,0.5600466498567396,0.0,0.0,0.15133786634917887,0.034351512658796705
0.0,0.5103703158488908,0.3465460735022032,0.0,0.0,0.0,0.14308361064890607
0.5216721648711745,0.0,0.4783278351288256,0.0,0.0,0.0,0.0
0.0,0.0,0.6374192728790445,0.2339521192892156,0.022560612208414654,0.0,0.1060679956233252
0.0,0.0,0.7322319830599758,0.0,0.06865222951605783,0.16711324872972638,0.03200253869423988
0.0,0.0,0.5270998043993983,0.30386874541040526,0.0,0.0,0.16903145019019644
0.0,0.0,0.5687117941384636,0.0,0.0,0.0,0.4312882058615364
0.0,0.0,0.0,0.8590418049742722,0.0,0.0,0.14095819502572784
0.45549383808734095,0.0,0.36594833724014775,0.0,0.0,0.16386946101369496,0.014688363658816355
0.0,0.0,0.0,0.7249286788143822,0.13317648807093074,0.0,0.14189483311468717
0.632132556460206,0.0,0.27332672086275506,0.0,0.07002359571474076,0.0,0.024517126962298182
0.541847017652499,0.0,0.23424520853583894,0.0,0.0,0.1237322925032183,0.10017548130844384
0.0,0.0,0.6225530127214982,0.0,0.0,0.25764012041372003,0.11980686686478186
0.39089579059084095,0.0,0.3532856963331892,0.0,0.2233945980664617,0.0,0.03242391500950817
0.0,0.0,0.0,0.7928426522442762,0.16402006874445588,0.04313727901126798,0.0
0.0,0.0,0.8968896961392862,0.0,0.0,0.0,0.10311030386071386
0.47447321064980363,0.0,0.18046657626227458,0.0,0.02852917387244203,0.0,0.31653103921547976
0.0,0.0,0.8496108824756462,0.0,0.05439629837349395,0.09599281915085986,0.0
0.0,0.0,0.7122667652913027,0.0,0.0,0.0,0.2877332347086972
0.0,0.0,0.6374899659031614,0.0,0.013119880618926844,0.03642422676504545,0.3129659267128663
0.0,0.0,0.7380256602290883,0.0,0.0,0.0,0.2619743397709117
0.45410485707137055,0.0,0.36001524224853454,0.0,0.0,0.18587990068009502,0.0
0.4859319535016637,0.0,0.48602115365161974,0.0,0.0,0.0,0.028046892846716593
0.0,0.0,0.5235952743791585,0.0,0.0,0.09155416928865069,0.3848505563321908
0.6514553800471037,0.0,0.25383083904607545,0.0,0.015915317526006667,0.0,0.07879846338081437
0.4172832921538343,0.0,0.36171229261944243,0.0,0.19459254814535318,0.026411867081370083,0.0
0.0,0.0,0.0,0.8777231167189622,0.0,0.0,0.12227688328103768
0.3529701732503568,0.0,0.439349889220683,0.0,0.02281863253331412,0.0,0.18486130499564593
0.0,0.0,0.6098693461070247,0.0692375773474674,0.14104716767236025,0.0,0.17984590887314778
0.0,0.0,0.27781063703002734,0.5567252977515926,0.16546406521838,0.0,0.0
0.0,0.0,0.3536872329426514,0.3243749024443576,0.10720935212300456,0.0,0.21472851248998645
0.041742472372323126,0.0,0.7512351825437564,0.0,0.0758930848261168,0.0,0.13112926025780364
0.0,0.2816761833290742,0.41354456732326544,0.0,0.05443353526758444,0.010424628537739115,0.23992108554233688
0.0,0.0,0.6694228665644076,0.21838793700731562,0.0369769050812269,0.0,0.07521229134704993
0.0,0.0,0.8794740157400277,0.0,0.0,0.0,0.12052598425997232
0.0,0.0,0.8071722802937836,0.0,0.0,0.19282771970621634,0.0
0.17404248637648823,0.0,0.0,0.5226376501847466,0.18818985857743156,0.07052551841571926,0.044604486445614454
0.0,0.0,0.7885049195860776,0.0,0.08041968195186344,0.023940836841346312,0.10713456162071272
0.0,0.0,0.07488415569281957,0.43729836787349247,0.09050275206366669,0.15255552830104108,0.24475919606898028
0.638767176300601,0.0,0.20152781440606404,0.0,0.13447249545994872,0.0,0.025232513833386167
0.0,0.0,0.3696974499281616,0.30992432573978423,0.0,0.26419327386852703,0.05618495046352718
0.0,0.0,0.41418733250767975,0.44960144586596124,0.0,0.0,0.13621122162635907
0.06492798833541309,0.0,0.6644587823250624,0.0,0.0,0.06281009545833245,0.2078031338811922
0.40507576186837546,0.0,0.44380610512975416,0.0,0.048037031348465514,0.10308110165340494,0.0
0.0,0.0,0.5645890187243965,0.4354109812756035,0.0,0.0,0.0
0.0,0.0,0.7375022702716607,0.0,0.0,0.03822135178975126,0.22427637793858807
0.0,0.0,0.7374342402104003,0.0,0.26256575978959984,0.0,0.0
0.0,0.0,0.8412817931560426,0.0,0.05883965464496293,0.0,0.09987855219899455
0.0,0.0,0.7529657811966881,0.0,0.0,0.24703421880331194,0.0
0.0,0.0,0.8278773590744344,0.17212264092556567,0.0,0.0,0.0
0.25221742865260366,0.0,0.0,0.7477825713473963,0.0,0.0,0.0
0.5178364030026508,0.0,0.14056006514151936,0.0,0.21460315971216865,0.0,0.12700037214366128
0.42137261815594224,0.0,0.2973481728316956,0.0,0.01022343778877616,0.27105577122358604,0.0
0.37311969536925055,0.0,0.468605196271054,0.0,0.0,0.0,0.15827510835969555
0.0588456592260148,0.0,0.6269836259509961,0.0,0.1709435698815839,0.0,0.14322714494140518
0.4123029727937036,0.0,0.5111333149100682,0.0,0.07656371229622828,0.0,0.0
0.0,0.0,0.0,0.809584271630871,0.02649279790390956,0.0,0.16392293046521933
0.0,0.0,0.0,0.9317643586971844,0.0,0.017163586914448904,0.05107205438836668
0.0,0.0,0.5732230829376814,0.109286087405956,0.019569737356092017,0.0,0.29792109230027064
0.0,0.0,0.0,0.7619038325008491,0.1130871474786116,0.0,0.1250090200205393
0.0,0.0,0.0763558998419156,0.8803229274794112,0.0,0.0,0.04332117267867322
0.0,0.0,0.0,0.7319215394033045,0.06601315381763939,0.05345584444065776,0.1486094623383983
0.3089351344067135,0.0,0.0,0.3791005075141452,0.20906320936031525,0.0,0.10290114871882607
0.24125733065396274,0.0,0.4693747474676629,0.0,0.03926683864941336,0.0,0.2501010832289609
0.0,0.0,0.0,0.7757098461791191,0.2242901538208809,0.0,0.0
0.1832258872123726,0.0,0.4890720999072272,0.0,0.026029465435250487,0.0,0.30167254744514965
0.0,0.0,0.028343647097638577,0.8454233997088522,0.09442356495879321,0.0,0.03180938823471609
0.0,0.0,0.10225404286842786,0.6767554283633797,0.06087189478429319,0.0,0.16011863398389928
0.642092953108345,0.0,0.029824881286678664,0.0,0.24276636082515396,0.021202939736807837,0.0641128650430144
0.0,0.0,0.5943010353178158,0.0,0.17229698990530237,0.0,0.23340197477688185
0.14076229568103382,0.0,0.3773413528944944,0.0,0.08526563607799927,0.0,0.39663071534647265
0.0,0.0,0.0,0.7373777983986435,0.25191637102198067,0.0,0.010705830579375878
0.6225037280652658,0.0,0.20596174231203263,0.0,0.01915101266242252,0.0,0.15238351696027913
0.0,0.0,0.0,0.6815361296679487,0.17542309644413306,0.0,0.14304077388791822
0.0,0.0,0.5430435682749215,0.3318180704721755,0.12513836125290295,0.0,0.0
0.0,0.3776486509031596,0.3367936795016835,0.0,0.10706986161391681,0.1784878079812401,0.0
0.0,0.0,0.2855462562819508,0.503370019041014,0.13465599887185234,0.051066311970539326,0.025361413834643503
0.0,0.2615015084745994,0.3597684495957086,0.0,0.09911436193400548,0.0,0.2796156799956865
0.0,0.0,0.0,0.6519690342484289,0.2322981345508447,0.0,0.1157328312007264
0.0,0.0,0.0,0.8774789465655185,0.0,0.0,0.12252105343448147
0.0,0.0,0.0,0.600152805143333,0.21302252145684192,0.0,0.18682467339982514
0.30445114368102144,0.0,0.35269176684365744,0.0,0.12623131936535578,0.0,0.21662577010996528
0.0,0.0,0.7962060375811557,0.0,0.0,0.0,0.2037939624188444
0.21892159027767297,0.0,0.4153631190162421,0.0,0.3657152907060849,0.0,0.0
0.4307350650011815,0.0,0.34256362587165157,0.0,0.2267013091271669,0.0,0.0
0.030432415226677077,0.0,0.0,0.7259094210132134,0.0,0.0,0.24365816376010957
0.0,0.0,0.202903744825652,0.6450126867261412,0.06594591419722523,0.0861376542509816,0.0
0.0,0.0,0.0,0.8086444033172742,0.19135559668272586,0.0,0.0
0.0,0.0,0.6369885683113692,0.0,0.08984224085732925,0.06166187861810542,0.21150731221319605
0.11664937715861268,0.0,0.8415515084577664,0.0,0.0,0.0,0.04179911438362101
0.4528818438777474,0.0,0.20886819961101538,0.0,0.16547982831143598,0.05852857089128558,0.11424155730851576
0.24291000644004002,0.0,0.4883098835572838,0.0,0.26878011000267626,0.0,0.0
0.0,0.0,0.10475525419689903,0.6684749759482496,0.19838833476738674,0.02838143508746465,0.0
0.0,0.0,0.0,0.7320425083791047,0.023760448154972334,0.24419704346592302,0.0
0.08904769369892643,0.0,0.0,0.8433899705449367,0.06756233575613696,0.0,0.0
0.0,0.0,0.9436871910126768,0.0,0.056312808987323215,0.0,0.0
0.0,0.0,0.5421815481461068,0.0,0.0,0.37897429303710706,0.07884415881678614
0.0,0.0,0.0,0.7370611798419329,0.0,0.07164345186422975,0.19129536829383736
0.31118076748555323,0.0,0.49566632034026,0.0,0.0,0.0,0.19315291217418684
0.0,0.0,0.32030268071041523,0.41536448033407486,0.0,0.2643328389555099,0.0
0.0,0.0,0.19477463962137143,0.432124392672303,0.0,0.0,0.37310096770632556
0.0,0.0,0.567983214866514,0.0,0.06753301618729396,0.36448376894619205,0.0
0.0,0.0,0.0,0.8274069913488571,0.0,0.0,0.17259300865114294
0.09443319946212744,0.0,0.5651435845626044,0.0,0.04865541494851663,0.0,0.2917678010267515
0.0,0.0,0.6417501770597132,0.05733272576749487,0.010387505883601768,0.13282211852722653,0.15770747276196365
0.0,0.0,0.0,0.7649726274644209,0.0,0.0,0.23502737253557923
0.0,0.0,0.6566663177554227,0.0,0.16534267395391647,0.0,0.17799100829066086
0.0,0.0,0.5730926579088337,0.0,0.14090789846703744,0.0,0.28599944362412894
0.28619574568731887,0.0,0.0,0.6041044935671768,0.0,0.0,0.10969976074550426
0.2962860731088009,0.0,0.4744514010042372,0.0,0.0,0.08083657184094112,0.14842595404602077
0.0,0.0,0.5365503173170241,0.3940981670964694,0.0,0.0693515155865067,0.0
0.0,0.0,0.0,0.7965661256273413,0.03745553755365148,0.1659783368190072,0.0
0.0,0.5896545114976196,0.3005650547142608,0.0,0.10978043378811958,0.0,0.0
0.3353920270668997,0.0,0.47245378852999775,0.0,0.06559551525216692,0.014206493098086154,0.11235217605284945
0.5613994721912534,0.0,0.07098130343542916,0.0,0.032332122751812055,0.0,0.3352871016215053
0.0,0.0,0.0,0.8070443050242049,0.19295569497579515,0.0,0.0
0.0,0.0,0.58141224001605,0.027256396735943114,0.08649851523505417,0.0,0.3048328480129528
0.3235824883533234,0.0,0.3745109326682631,0.0,0.21058153187090614,0.0,0.09132504710750744
0.46836095160066826,0.0,0.4170952916541156,0.0,0.0,0.0,0.11454375674521608
0.15256935438267027,0.0,0.0,0.420026357443517,0.13303415703878593,0.29437013113502686,0.0
0.0,0.0,0.7223681883004486,0.0,0.0,0.0,0.2776318116995515
0.29964575995878756,0.0,0.33462150462868084,0.0,0.0,0.0,0.36573273541253165
0.3917715762400249,0.0,0.44947080374804815,0.0,0.04759536956510419,0.1111622504468227,0.0
0.0,0.0,0.6957252777428498,0.03686161445361552,0.0,0.13299919228887502,0.13441391551465964
0.0,0.5333591066609664,0.0,0.20578960573915925,0.0,0.020464762980289163,0.24038652461958515
0.0,0.0,0.15743629368661796,0.5844870955602894,0.05912597123154414,0.1526171856182724,0.04633345390327609
0.0,0.0,0.6564765067505179,0.0,0.08406857982636806,0.0,0.25945491342311405
0.30308258389687326,0.0,0.5250996205430106,0.0,0.10350772315535643,0.0,0.06831007240475981
0.5686332272811754,0.0,0.0,0.0174970004056778,0.0773706686478429,0.0,0.336499103665304
0.4569307057572012,0.0,0.0,0.4186259590061021,0.0,0.12444333523669673,0.0
0.3618357813647632,0.0,0.09549528995033237,0.23228130170313077,0.2955204222927538,0.0,0.014867204689019906
0.0,0.0,0.7477997029242187,0.0,0.02294421225647574,0.1849675865973373,0.04428849822196821
0.0,0.0,0.0,0.7448088907952526,0.0,0.25519110920474747,0.0
0.2553896205616707,0.0,0.4941858352953214,0.0,0.0,0.0,0.2504245441430079
0.0,0.0,0.7483994559008642,0.0,0.0,0.0,0.25160054409913585
0.13071644524621606,0.0,0.6470094846204515,0.0,0.20965676077645418,0.0,0.012617309356878322
0.0,0.0,0.7939102295563818,0.0,0.0,0.04772273202170129,0.15836703842191693
0.0,0.0,0.0,0.8773929837631117,0.12260701623688827,0.0,0.0
0.24451119507772814,0.0,0.3837690530804976,0.0,0.07472544322147456,0.10491047712043107,0.19208383149986868
0.0,0.5365710460917438,0.21347162563290242,0.0,0.06007258508456547,0.0,0.1898847431907884
0.0,0.0,0.0,0.577863010364719,0.08922933845434486,0.06353312128134468,0.2693745298995915
0.03144452530414072,0.0,0.0,0.8245636915958974,0.05765073526741309,0.019564127661001404,0.06677692017154752
0.0,0.0,0.0,0.8117167786074265,0.0,0.0,0.18828322139257342
0.0,0.0,0.098996756183853,0.8152089597606785,0.0857942840554685,0.0,0.0
0.042147857701899105,0.0,0.6275791226311447,0.0,0.0,0.0,0.33027301966695616
0.6152739137257561,0.0,0.1718355234198084,0.0,0.19801386676365654,0.0,0.014876696090779046
0.0,0.14628871474895125,0.8537112852510488,0.0,0.0,0.0,0.0
0.0,0.0,0.21178894004991844,0.5812223889101455,0.04028209955353581,0.16670657148640022,0.0
0.0,0.0,0.5583795996310927,0.1377114846925979,0.0,0.0,0.3039089156763095
0.510301324598872,0.0,0.24803941272091157,0.0,0.1812025271993241,0.018206189992168425,0.04225054548872397
0.0,0.36654065364701194,0.48587447805935,0.0,0.0,0.14758486829363815,0.0
0.0,0.0,0.7843781499232569,0.0,0.040422466968886565,0.10379716254373354,0.07140222056412308
0.0,0.0,0.6210953182521242,0.0,0.15139357153311353,0.0,0.22751111021476228
0.0,0.0,0.773330318055143,0.0,0.1473838131839673,0.0,0.07928586876088968
0.19896349518935766,0.0,0.5127914023916726,0.0,0.06822655866238074,0.22001854375658902,0.0
0.0,0.0,0.0,0.7827069291349813,0.0,0.0,0.21729307086501873
0.2671394361609492,0.0,0.7085518991465423,0.0,0.024308664692508482,0.0,0.0
0.0,0.0,0.8849390710736709,0.0,0.0,0.0,0.11506092892632924
0.0,0.7195582550145374,0.15427825307531973,0.0,0.0,0.06340431401306804,0.0627591778970748
0.0,0.0,0.7515450687530104,0.0,0.0,0.025488031836575855,0.2229668994104137
0.0,0.0,0.4689129818243979,0.18839273310199964,0.1394293669374943,0.0,0.20326491813610822
0.2655416450679708,0.0,0.2378713010508367,0.26908914375249765,0.06292838376351868,0.0,0.16456952636517624
0.0,0.0,0.0,0.8774914824187519,0.0,0.12250851758124814,0.0
0.47702835120676856,0.0,0.0,0.3284931430265459,0.0,0.19447850576668554,0.0
0.0,0.0,0.5186490475772896,0.4089553240342504,0.0,0.0,0.07239562838846013
0.0,0.0,0.8008009126595207,0.0,0.0,0.0,0.19919908734047934
0.0,0.0,0.0,0.8668534209482818,0.10664976032932023,0.02649681872239808,0.0
0.20260842355047015,0.0,0.479796834156737,0.0,0.19081268267175683,0.0,0.12678205962103603
0.0,0.0,0.6489432953752521,0.0,0.0,0.05254453136802747,0.29851217325672047
0.039007847312894695,0.0,0.4052511131358738,0.07464995456552888,0.09404152557718866,0.21129174203569348,0.17575781737282045
0.0,0.0,0.0,0.8330904453104567,0.16690955468954324,0.0,0.0
0.25451873286839616,0.0,0.0,0.6170438046148721,0.1284374625167318,0.0,0.0
0.0,0.0,0.6187086373358924,0.1987305293398719,0.10885055226907295,0.07371028105516281,0.0
0.3472419719295166,0.0,0.20905945064317943,0.0,0.0,0.18828933212429752,0.2554092453030063
0.0,0.0,0.0,0.8711867622959147,0.0,0.0,0.12881323770408534
0.6118149194840011,0.0,0.1566219273478236,0.0,0.11263358025827915,0.0,0.11892957290989621
0.0,0.0,0.1003491278373035,0.6561984475236599,0.0,0.0,0.24345242463903666
0.0,0.0,0.6741314402034896,0.0,0.0,0.23881997732313828,0.08704858247337205
0.0,0.0,0.8066821037125251,0.0,0.020387333100133798,0.17293056318734104,0.0
0.0,0.0,0.0,0.6972300632694596,0.0,0.18278486853897838,0.119985068191562
0.34949918683042946,0.0,0.15938215722287608,0.0,0.1251143777973551,0.05548480367121125,0.31051947447812817
0.38606585231119606,0.0,0.5134986830046856,0.0,0.0,0.0,0.10043546468411835
0.34721673251795393,0.0,0.6527832674820462,0.0,0.0,0.0,0.0
0.0699232340716761,0.0,0.5990827339946065,0.0,0.0,0.0,0.3309940319337174
0.11837216226485603,0.0,0.6862193944103322,0.0,0.16440343175335465,0.031005011571457117,0.0
0.0,0.0,0.0,0.5993637622130455,0.25850506470708473,0.0,0.14213117307986978
0.0,0.0,0.0,0.659590314162458,0.0,0.0708966424220479,0.26951304341549426
0.5390422732997392,0.0,0.23542749409643568,0.0,0.22553023260382515,0.0,0.0
0.0,0.0,0.0,0.8040423021778913,0.0433473294822846,0.06341182783584451,0.08919854050397957
0.0,0.0,0.6882592074856018,0.0,0.0937534892137025,0.1040208173400376,0.1139664859606582
0.0,0.0,0.8572947547117923,0.0,0.03213195314823975,0.028015948630806413,0.08255734350916169
0.0,0.0,0.8539269092727197,0.0,0.036837590865332843,0.0,0.10923549986194732
0.2032984730260497,0.0,0.5247889241888941,0.0,0.0,0.11177955056020292,0.1601330522248533
0.286985379643102,0.0,0.47251257340614755,0.0,0.05804346312059677,0.0,0.1824585838301536
0.0,0.0,0.5884710383425925,0.0,0.03340062014519919,0.13018660386268815,0.24794173764952016
0.0,0.0,0.0,0.6861531804901496,0.07090911377483634,0.13574858378229954,0.10718912195271454
0.0,0.0,0.36505966280738383,0.2012640288172307,0.0,0.0,0.43367630837538546
0.4843523429547971,0.0,0.3320353436722029,0.0,0.06513910066134912,0.11847321271165097,0.0
0.334589000329855,0.0,0.3535184227571659,0.0,0.029845645294651453,0.0,0.28204693161832767
0.062267708464067345,0.0,0.7416855253895351,0.15125000584893444,0.0,0.0,0.04479676029746309
0.0,0.0,0.7469742575934585,0.0,0.0,0.0,0.25302574240654147
0.04917143307776496,0.0,0.7224091550908265,0.0,0.0,0.02364197299479594,0.20477743883661256
0.23493385556055396,0.0,0.43072856977068785,0.0,0.0,0.02716582737786728,0.30717174729089086
0.0,0.0,0.29856434470734006,0.5927160626322787,0.0,0.05651544583067982,0.05220414682970149
0.23012033234534768,0.0,0.0,0.36286860290352285,0.10337044283807587,0.0,0.3036406219130537
0.0,0.0,0.0,0.7325860644977393,0.023032143801549807,0.18249935610348805,0.061882435597222694
0.0,0.0,0.34060649305649815,0.26890842039456203,0.044916569490981585,0.11180437568491158,0.23376414137304685
0.4575189129810948,0.0,0.43339953756750627,0.0,0.0,0.10908154945139903,0.0
0.33643874616129693,0.0,0.41280928167470216,0.0,0.22824746512373906,0.0,0.022504507040261808
0.0,0.0,0.4529025701003859,0.1525720356369356,0.0,0.20008123435752379,0.19444415990515468
0.0,0.0,0.389119275077605,0.19021750681225683,0.1700092074158043,0.0,0.25065401069433396
0.44325702613141704,0.0,0.11736651347772907,0.2528507564112123,0.0,0.1399057196388379,0.04661998434080376
0.24370932635409315,0.0,0.20410947938142024,0.29156102718361315,0.0,0.0,0.2606201670808735
0.0,0.0,0.5135966907480506,0.0,0.09032519627045643,0.0,0.396078112981493
0.0,0.0,0.31495352712231595,0.26504193835273393,0.09824896905028849,0.0,0.3217555654746616
0.0,0.0,0.7489969192919361,0.0,0.058355513123215366,0.0,0.1926475675848485
0.0,0.0,0.7256491370647772,0.0,0.0,0.0,0.27435086293522293
0.0,0.1516059798000754,0.6107437729489801,0.0,0.046723213737106806,0.0,0.19092703351383775
0.0,0.0,0.820432262156652,0.0,0.0,0.0,0.17956773784334798
0.0,0.0,0.0,0.6930962948419508,0.0,0.216737843759727,0.09016586139832224
0.4716412480331772,0.0,0.5283587519668228,0.0,0.0,0.0,0.0
0.0,0.0,0.6764388791944188,0.0,0.0,0.023879374253883548,0.2996817465516976
0.0,0.0,0.0,0.7614707865126517,0.1704666540537206,0.0,0.06806255943362766
0.0,0.0,0.8672342321096571,0.0,0.031106970426394605,0.0,0.1016587974639482
0.05188489693068048,0.0,0.0,0.6368157025760344,0.0,0.0,0.31129940049328514
0.0,0.0,0.0,0.7189033898955973,0.011506270112371628,0.0,0.26959033999203114
0.0,0.0,0.0,0.5962154300109435,0.4037845699890565,0.0,0.0
0.0,0.0,0.8190770515580693,0.0,0.011486850255763325,0.16943609818616728,0.0
0.0,0.08251676270323491,0.0,0.6767862642493034,0.08134482223169316,0.0469423774525026,0.1124097733632659
0.0,0.0,0.7151008999590123,0.0,0.1366925215908247,0.0,0.14820657845016305
0.0,0.0,0.6276114989660133,0.0,0.14966616281635017,0.0,0.22272233821763657
0.0,0.0,0.5512123911777328,0.0,0.21337688325122556,0.0,0.23541072557104167
0.15194709965474198,0.0,0.7236262120960723,0.0,0.0,0.020314367883195347,0.10411232036599052
0.0,0.0,0.7085770053337286,0.1829190107817277,0.08309319972461672,0.0,0.025410784159927053
0.0,0.0,0.8413741445986421,0.0,0.0,0.1586258554013578,0.0
0.0,0.0,0.8508473129225398,0.0,0.14915268707746018,0.0,0.0
0.0,0.0,0.0,1.0,0.0,0.0,0.0
0.4843583656316219,0.0,0.3687315740488735,0.0,0.0,0.11635351351834322,0.030556546801161443
0.19056999635999106,0.0,0.34255295444296746,0.0,0.02442774539454854,0.0,0.44244930380249287
0.0,0.0,0.0,0.7083376906262133,0.0,0.14184727117557996,0.1498150381982068
0.29936338209856983,0.0,0.38507236942524964,0.0,0.22715052423919488,0.05547298472920148,0.032940739507784186
0.0,0.0,0.0,0.762640397964401,0.05981194756835285,0.0,0.17754765446724613
0.44444011948024853,0.0,0.27407837484899344,0.0,0.10487354239870487,0.11486947032109261,0.06173849295096057
0.0,0.0,0.05926591229399409,0.7675822888910008,0.10862025206516986,0.028750796551747206,0.03578075019808804
0.0,0.0,0.6877201946206921,0.0,0.1715355938565466,0.0,0.14074421152276126
0.0,0.0,0.0,0.8185455733056369,0.18145442669436304,0.0,0.0
0.0,0.0,0.6818662765301073,0.0,0.0,0.07431161158144184,0.24382211188845088
0.0,0.0,0.7156038578062298,0.0,0.011839598892520594,0.04874040687484636,0.22381613642640316
0.0,0.0,0.6597182795283362,0.14628919360113435,0.0,0.0,0.19399252687052945
0.0,0.0,0.0,0.6739982186889883,0.0,0.029420127581045404,0.29658165372996637
0.19946165369505428,0.0,0.0,0.5861720513248069,0.0,0.2143662949801389,0.0
0.0,0.0,0.1889782697358593,0.5955370175272041,0.2154847127369366,0.0,0.0
0.5419838440065703,0.0,0.19046781150887576,0.0,0.0,0.0,0.26754834448455383
0.0,0.0,0.0,0.8354073610620276,0.0,0.08433211311896692,0.08026052581900549
0.0,0.0,0.55709298147916,0.0,0.03557621921163218,0.0,0.4073307993092078
0.0,0.0,0.0,0.7521051266151753,0.02039274143392449,0.22750213195090033,0.0
0.15519853749991755,0.0,0.48427404027674836,0.0,0.15549818775563568,0.0,0.20502923446769827
0.028421730192635164,0.0,0.0,0.863240362142036,0.0,0.0,0.10833790766532878
0.0,0.0,0.4847714049837775,0.2638072256850868,0.10256349422395082,0.0,0.14885787510718482
0.0,0.0,0.6081309503428516,0.0,0.22984499318289883,0.018080674913175485,0.14394338156107409
0.0,0.0,0.6913630501026184,0.0,0.07258281457748289,0.10937775587949508,0.12667637944040366
0.20707576991203502,0.0,0.609077407566019,0.0,0.013904401968009775,0.0,0.16994242055393613
0.0,0.0,0.8682352815446723,0.0,0.11617945613450192,0.0,0.015585262320825851
0.0,0.0,0.0,0.6553805735438208,0.040005582229248826,0.2887440182013952,0.01586982602553508
0.0,0.0,0.706036360435403,0.0,0.07865767411815355,0.0,0.2153059654464436
0.0,0.0,0.5151215159642171,0.0,0.0,0.0,0.484878484035783
0.20424596756240726,0.0,0.0,0.5611098769579563,0.020325280867653037,0.0,0.21431887461198326
0.051514346411890365,0.0,0.526587031849425,0.0,0.0,0.0,0.4218986217386847
0.0,0.0,0.5396357492225876,0.0,0.08062058280175093,0.165165412972964,0.21457825500269762
0.0,0.0,0.01257948480134011,0.7115195893140444,0.020512130059162036,0.0,0.25538879582545354
0.0,0.0,0.71019456129246,0.0,0.12758003524988754,0.0,0.1622254034576526
0.0,0.0,0.814117293708495,0.0,0.0691230145141622,0.0,0.11675969177734284
0.0,0.0,0.6760471032311485,0.0,0.019185161726837895,0.030939804329289257,0.2738279307127245
0.0,0.0,0.7894352875816386,0.0,0.0702180759698503,0.0,0.14034663644851111
0.0,0.0,0.0,0.8120458937410583,0.18795410625894166,0.0,0.0
0.3153541066372991,0.0,0.4711813422946023,0.0,0.06094392835995883,0.1343101718756163,0.01821045083252365
0.0,0.0,0.3815486255962141,0.32779100951653256,0.0,0.29066036488725333,0.0
0.0,0.0,0.685460453935053,0.0,0.09474646550911689,0.0,0.21979308055583022
0.0,0.0,0.7756742464950089,0.0,0.01167690656750759,0.11871530426546845,0.0939335426720148
0.4153826783588891,0.0,0.41998527814637476,0.0,0.10738377179026197,0.0,0.05724827170447423
0.08741336664787082,0.0,0.20219141822514733,0.3533827921305258,0.0,0.12818472194796854,0.22882770104848743
0.03159849008685696,0.0,0.0,0.8407348872637772,0.03824423785614595,0.0,0.08942238479321987
0.0,0.0,0.7694015952058204,0.0,0.1450792629579786,0.017595512766561627,0.0679236290696395
0.0,0.0,0.6736804644623103,0.0,0.07188756971379913,0.08737511038394337,0.16705685543994722
0.0,0.0,0.7926028216676171,0.0,0.08832747915458548,0.0,0.11906969917779753
0.0,0.35007603403598486,0.2276739272690316,0.0,0.16236362820213404,0.0,0.2598864104928496
0.0,0.0,0.0,0.7220148956379681,0.07439480834889145,0.0,0.20359029601314052
0.17532078929323075,0.0,0.46313530521964175,0.0,0.0976825556453681,0.0,0.26386134984175935
0.0,0.0,0.49640615653589154,0.2715283331492098,0.17489794666140135,0.05716756365349735,0.0
0.0,0.0,0.6661201247390405,0.0,0.1833809578507999,0.0,0.1504989174101597
0.0,0.0,0.2274480745823465,0.6881277268404894,0.08442419857716413,0.0,0.0
0.0,0.0,0.0,0.9369693842203203,0.0,0.0,0.06303061577967967
0.0,0.0,0.0,0.653856597713852,0.14824913364482503,0.0,0.1978942686413231
0.4436666751521309,0.0,0.22673513444879648,0.0,0.0,0.16184613100736758,0.16775205939170493
0.0,0.47161932961431596,0.34216011037339605,0.0,0.1862205600122881,0.0,0.0
0.48124312191414065,0.0,0.0,0.4800560486103187,0.0,0.03870082947554061,0.0
0.0,0.0,0.0,0.8537681842156182,0.03881159739752298,0.10742021838685895,0.0
0.0,0.0,0.8139420107474544,0.0,0.11503228508849599,0.02092068317371146,0.05010502099033823
0.27544366832705164,0.0,0.23221948861236522,0.1440067677852468,0.0,0.18185126879993538,0.166478806475401
0.0,0.0,0.0,0.5302076874325978,0.2067206729642225,0.0,0.26307163960317964
0.0,0.0,0.8375474125199923,0.0,0.05758079635422589,0.02516993619652169,0.07970185492926023
0.0,0.0,0.6393016325314297,0.0,0.1395109680907696,0.2211873993778007,0.0
0.0,0.0,0.6873301236208587,0.03062926646052887,0.0,0.11494487586037533,0.16709573405823713
0.0,0.0,0.0,0.7024573336605947,0.17232401351989976,0.029731891131080653,0.09548676168842485
0.702540914907324,0.0,0.14798722907203654,0.0,0.06905939410183358,0.08041246191880592,0.0
0.016820316783925756,0.0,0.0,0.7641460176854579,0.14041757824287138,0.07861608728774507,0.0
0.0,0.0,0.14370861133477442,0.6704704237130394,0.0456315404276178,0.1401894245245684,0.0
0.0,0.0,0.647134481410222,0.0,0.076076064507676,0.07701745167582588,0.19977200240627607
0.0,0.0,0.08276630529778099,0.6375875045640744,0.2796461901381446,0.0,0.0
0.0,0.0,0.7510771739877428,0.0,0.24892282601225724,0.0,0.0
0.0,0.0,0.0,0.8010857552298464,0.0,0.11351297330891488,0.08540127146123871
0.0,0.0,0.8634089921830366,0.0,0.0,0.0,0.13659100781696346
0.0,0.35955813056548075,0.226907705292355,0.0,0.1897632231347885,0.031756149568697864,0.19201479143867795
0.0,0.0,0.7134255237295507,0.0,0.0,0.28657447627044935,0.0
0.05945572767301797,0.0,0.6777625394004644,0.1299782168572958,0.09652328870767164,0.0,0.03628022736155027
0.0,0.0,0.15196740171080272,0.5960679541888996,0.05102983071717072,0.20093481338312696,0.0
0.0,0.0,0.5025452850481839,0.40971867689231556,0.0,0.0,0.08773603805950057
0.0,0.0,0.0,0.7237176012191632,0.0,0.20428713182217056,0.07199526695866627
0.026214605790387174,0.0,0.6788262498661606,0.0,0.0,0.04514894678776494,0.24981019755568729
0.2833453622987015,0.0,0.3820605017104984,0.0,0.0,0.3345941359908,0.0
0.0,0.0,0.0,0.8493343103279855,0.02370664683443224,0.07919378479097364,0.04776525804660875
0.0,0.0,0.8669143267858933,0.0,0.13308567321410675,0.0,0.0
0.0,0.0,0.8578720089656786,0.0,0.14212799103432144,0.0,0.0
0.4085806060752588,0.0,0.2618026311677082,0.0,0.12064456057509727,0.18101488595226298,0.027957316229672787
0.0,0.0,0.8511142055374035,0.0,0.025653206659380774,0.0,0.12323258780321573
0.0,0.0,0.7597128251121389,0.0,0.09271773360287869,0.11142137859137027,0.03614806269361216
0.0,0.0,0.0,0.7305350033804354,0.09378648521460058,0.08783197853475531,0.08784653287020874
0.0,0.0,0.7969944322803694,0.0,0.17554131679450372,0.0,0.027464250925126898
0.0,0.0,0.0,0.6648252319793384,0.0,0.15071944633177456,0.184455321688887
0.0,0.0,0.02489104198834684,0.7492113458683429,0.2258976121433103,0.0,0.0
0.0,0.0,0.34797104790754524,0.39137624205358096,0.0,0.26065271003887386,0.0
0.0,0.0,0.0,0.8316587154169307,0.07726837723532161,0.0461808912770393,0.04489201607070846
0.0,0.0,0.4052630830298555,0.34366013440279347,0.0,0.251076782567351,0.0
0.0,0.0,0.5309755289012164,0.15989127078005907,0.12196804855913906,0.0,0.18716515175958554
0.0,0.0,0.4426652671653852,0.2234144333025518,0.19291659237544428,0.0,0.14100370715661875
0.0,0.0,0.583184489543605,0.24171949996344366,0.057317716215841266,0.11777829427711015,0.0
0.0,0.0,0.8992677158905059,0.0,0.020544215765182627,0.08018806834431146,0.0
0.0,0.0,0.7615749304047785,0.0,0.0,0.0,0.23842506959522153
0.5819697972419998,0.0,0.0,0.1550631257492193,0.0,0.0,0.26296707700878086
0.0,0.0,0.0,0.8649637309317937,0.0,0.01659099364183777,0.11844527542636857
0.0,0.0,0.0,0.8648561775795124,0.0,0.1351438224204876,0.0
0.23573953652243118,0.0,0.7033466126829689,0.0,0.06091385079459984,0.0,0.0
0.0,0.0,0.7985680946596745,0.0,0.13547982773637782,0.0,0.06595207760394782
0.0,0.0,0.9158598749028679,0.0,0.010667001845479253,0.07347312325165274,0.0
0.21284787053115728,0.0,0.4302429118254217,0.0,0.07035765720588776,0.10023662745658467,0.18631493298094864
0.0,0.0,0.3944223101109767,0.38263265747859493,0.13267844926780167,0.0,0.0902665831426267
0.0,0.0,0.402073189909298,0.3167049476233418,0.07366888709318396,0.20755297537417622,0.0
0.1595211644583175,0.0,0.6065056807660123,0.0,0.0,0.0,0.2339731547756703
0.0,0.0,0.6116873279662983,0.0,0.0,0.14693958186773678,0.24137309016596495
0.33529745902579716,0.0,0.0,0.1860952207673723,0.2435408372082888,0.0,0.23506648299854163
0.31974761191371626,0.0,0.3693900150389244,0.0,0.11960613868517943,0.0,0.19125623436217998
0.5352012709041433,0.0,0.38485590113515067,0.0,0.0,0.0,0.07994282796070601
0.0,0.0,0.7596307275494719,0.0,0.24036927245052808,0.0,0.0
0.3110226642934297,0.0,0.6672055112491122,0.0,0.0,0.021771824457458115,0.0
0.0,0.0,0.6267643724126329,0.0,0.017121842335362247,0.0,0.3561137852520048
0.0,0.3249150293819714,0.5232011326992226,0.0,0.0,0.0,0.151883837918806
0.0,0.0,0.34435921499969113,0.41542542577544006,0.12673871719201915,0.05972383861065414,0.053752803422195634
0.0,0.0,0.191589760241965,0.5375419235952537,0.12185099270197465,0.0,0.1490173234608067
0.33588827623956097,0.0,0.3674465894359728,0.0,0.013033683376178627,0.16060852623382127,0.1230229247144664
0.0,0.0,0.0,0.9456259551390439,0.0,0.054374044860956164,0.0
0.0,0.0,0.0,0.8577834238594265,0.0,0.1422165761405735,0.0
0.35644872018039864,0.0,0.45218722881610146,0.0,0.08651774341382833,0.0,0.10484630758967159
0.0,0.0,0.0,0.6136542715752978,0.0,0.0,0.3863457284247021
0.0,0.0,0.0,0.8651020357678461,0.0,0.0,0.13489796423215403
0.0,0.0,0.620500539392992,0.0,0.2909314843869236,0.08856797622008449,0.0
0.0,0.0,0.6735857767606126,0.06781714002339848,0.047039860518308,0.045157692495183144,0.16639953020249781
0.0,0.0,0.6603237849172138,0.0,0.04668279440291284,0.0,0.2929934206798735
0.0,0.0,0.5519296826654292,0.0,0.08090469600467816,0.20254715742413043,0.16461846390576226
0.38468269657545606,0.0,0.24958691620009507,0.0,0.08676336403902475,0.1392207460135993,0.13974627717182472
0.0,0.0,0.7944693318493854,0.08779421220713901,0.0,0.0,0.11773645594347568
0.0,0.0,0.3290391059098147,0.3843902654686339,0.24325131730105587,0.04331931132049539,0.0
0.36968389324560497,0.0,0.37081788812927724,0.0,0.0,0.015094922799227597,0.24440329582589013
0.034322565873995396,0.0,0.6437866318851738,0.0,0.0,0.0,0.3218908022408308
0.15620735836362165,0.19270526313847391,0.48925772675265733,0.0,0.1618296517452472,0.0,0.0
0.0,0.0,0.060167591874533126,0.5921100206171047,0.0,0.16518318456823203,0.18253920294013015
0.0,0.0,0.0,0.6387715442976636,0.0,0.25525790138451593,0.10597055431782042
0.0,0.0,0.25277115532909505,0.48131994044698895,0.12293778542221782,0.1429711188016982,0.0
0.34723298890620846,0.0,0.21512439718348478,0.0,0.0,0.0,0.43764261391030684
0.0,0.0,0.0,0.5889572032418842,0.12479649101842878,0.0,0.286246305739687
0.0,0.0,0.03914728695064757,0.7418826245023219,0.0,0.17432781713618664,0.044642271410843815
0.0,0.0,0.0,0.8362298849096058,0.07846763437143359,0.014816416528559782,0.07048606419040089
0.0,0.0,0.5225585863356764,0.3903054931712134,0.0,0.08713592049311025,0.0
0.0,0.0,0.0,0.8285395236951785,0.10901181386242947,0.062448662442392076,0.0
0.0,0.0,0.5789230647493051,0.0,0.14180297518142868,0.0,0.2792739600692662
0.2563175122689341,0.0,0.0,0.5852820909521936,0.0,0.0,0.1584003967788723
0.4596669451081085,0.0,0.2748037134827159,0.0,0.0,0.18720421192482045,0.07832512948435526
0.0,0.0,0.0,0.9425529981805559,0.0,0.0,0.05744700181944402
0.0,0.0,0.7801020530170693,0.0,0.0,0.21989794698293072,0.0
0.0,0.0,0.30048886582545353,0.5517584825637193,0.14775265161082718,0.0,0.0
0.0,0.0,0.6940614759976317,0.0,0.0,0.0,0.30593852400236843
0.055437321909497565,0.0,0.5573256446207457,0.14928921516112767,0.19197279607758955,0.01904727015003968,0.026927752080999835
0.0,0.0,0.5043265630377737,0.0,0.0515081043419911,0.0,0.4441653326202353
0.0,0.5445265674931311,0.31639820128321705,0.0,0.0,0.0,0.13907523122365184
0.40190205597639034,0.0,0.3767114241685285,0.0,0.0,0.22138651985508126,0.0
0.0,0.0,0.45258168186065517,0.27492491005462244,0.22464009573696977,0.047853312347752676,0.0
0.0,0.0,0.8888521092206236,0.0,0.05486359606481031,0.05628429471456615,0.0
0.0,0.0,0.6487439497256291,0.0,0.0,0.0,0.3512560502743709
0.0,0.0,0.10257810006176955,0.56534742013464,0.0,0.15447647061227246,0.17759800919131796
0.0,0.0,0.5647681671404253,0.0,0.032688067274213826,0.0,0.4025437655853609
0.058331679195126135,0.0,0.9416683208048738,0.0,0.0,0.0,0.0
0.0,0.0,0.7313064334497055,0.0,0.04227646920304489,0.21605648003079145,0.010360617316458206
0.0,0.0,0.8248912432744092,0.0,0.0,0.08806250256846616,0.08704625415712462
0.0,0.0,0.7920684843266553,0.0,0.19705556503534236,0.0,0.010875950638002188
0.0,0.0,0.0,0.6675179482608724,0.12403939188806189,0.0,0.20844265985106572
0.0,0.0,0.1668861271764259,0.5756971792035364,0.03559281252947193,0.2218238810905658,0.0
0.0,0.0,0.0,0.6793587205563403,0.18048124877232385,0.14016003067133587,0.0
0.0,0.0,0.6248231390479906,0.0,0.030599148053493872,0.0,0.3445777128985154
0.0,0.0,0.5900599965530725,0.0,0.0880901953381078,0.27029524498707086,0.0515545631217489
0.0,0.15337756650040163,0.7294086914587808,0.0,0.0,0.08299393463114053,0.034219807409676915
0.0,0.0,0.7074967711130359,0.0,0.0,0.17598907144908765,0.11651415743787631
0.0,0.0,0.7382380415796971,0.0,0.0,0.0,0.26176195842030286
0.0,0.3737010520871713,0.3151002907652725,0.0,0.0,0.0,0.3111986571475561
0.0,0.0,0.6782214046595535,0.0,0.0827521112722665,0.23902648406817995,0.0
0.0,0.0,0.7050812093129789,0.0,0.0467601092047843,0.0,0.24815868148223685
0.5654293812744478,0.0,0.3839983974980372,0.0,0.05057222122751513,0.0,0.0
0.5940259999406002,0.0,0.09317131216808004,0.0,0.26766266292046687,0.0,0.04514002497085295
0.0,0.0,0.0,0.7443995120730733,0.0,0.0,0.25560048792692674
0.0,0.0,0.6740550002179461,0.06220566182693725,0.18644288474396922,0.0,0.07729645321114748
0.0,0.0,0.4023168408679183,0.38047080724237753,0.07914644816456971,0.13806590372513444,0.0
0.0,0.4896178159752808,0.0,0.2468388988029218,0.07674850470637976,0.09285465298252528,0.09394012753289234
0.0,0.0,0.0,0.6905526399941959,0.0680582858001806,0.20748897507411707,0.03390009913150649
0.0,0.0,0.0,0.609377947201874,0.07644728007025164,0.02371694289587638,0.29045782983199814
0.29421079127676814,0.0,0.4081857666331938,0.0,0.29760344209003803,0.0,0.0
0.0,0.0,0.0,0.6540947426068842,0.2541402664576821,0.0,0.09176499093543374
0.44768238234470187,0.0,0.3922428751854433,0.0,0.08991482928219878,0.07015991318765617,0.0
0.45255919528428734,0.0,0.2598350515019667,0.0,0.0,0.0,0.2876057532137459
0.0,0.0,0.7626643591692244,0.0,0.0,0.1032874413600187,0.13404819947075705
0.0,0.0,0.4902970470161941,0.0,0.14077738061652081,0.07755013596741507,0.29137543639987
0.18363293714021192,0.0,0.49611909020516987,0.0,0.0,0.16868539571789376,0.15156257693672454
0.1190587511570609,0.0,0.6486050503012187,0.07495992237984021,0.1573762761618802,0.0,0.0
0.0,0.0,0.44254907213851463,0.34249074352123093,0.06625785283150414,0.0,0.14870233150875034
0.6567990578771231,0.0,0.19629137162029547,0.0,0.0,0.0,0.14690957050258133
0.1157981676138558,0.0,0.3309916628056895,0.21617559360906255,0.0,0.0,0.3370345759713922
0.31921511071167596,0.0,0.5453062380367042,0.0,0.07655784979986334,0.0,0.0589208014517565
0.0,0.0,0.7262504767400589,0.0,0.0,0.0,0.27374952325994106
0.0,0.0,0.0,0.9209088059932494,0.04988115848403535,0.0,0.02921003552271523
0.0,0.0,0.0,0.8320199562752649,0.0,0.16798004372473507,0.0
0.11917015005792975,0.0,0.5375821257037469,0.0,0.0,0.0,0.3432477242383234
0.0,0.0,0.0,0.8812552169483457,0.11874478305165434,0.0,0.0
0.3212353578056495,0.0,0.2652829990425893,0.2214376606072315,0.1021599381215812,0.0,0.08988404442294866
0.0,0.0,0.6699266621480386,0.0,0.04490406373800732,0.06348622493974856,0.22168304917420556
0.0,0.0,0.632221964800398,0.0,0.06962050758602152,0.12910232594737017,0.16905520166621033
0.0,0.0,0.772348935796764,0.16506688407176787,0.0,0.06258418013146819,0.0
0.0,0.0,0.7230108586211729,0.02349915054293479,0.0,0.033883881317198265,0.21960610951869405
0.17576342946669352,0.0,0.5040596913021229,0.0,0.16494295498060527,0.0,0.15523392425057822
0.0,0.17614522516729253,0.7171343485592291,0.0,0.0,0.0,0.10672042627347855
0.10321089688845556,0.0,0.378838310845826,0.0,0.058763867641012255,0.4591869246247063,0.0
0.0,0.0,0.0,0.7859609815868628,0.12950164570317985,0.0,0.08453737270995747
0.14340524498769244,0.0,0.0,0.7051943800739257,0.1514003749383819,0.0,0.0
0.0,0.0,0.395591615281819,0.21473822012929308,0.17787500551498164,0.0,0.2117951590739062
0.7097801894832039,0.0,0.0,0.0,0.0,0.2902198105167962,0.0
0.0,0.0,0.0,0.6334806444247456,0.3317602914696588,0.0,0.03475906410559549
0.2514510612680499,0.0,0.5946868072901907,0.0,0.0,0.0,0.15386213144175948
0.0,0.0,0.6612182696448182,0.0,0.27382115754592107,0.0,0.06496057280926061
0.0,0.0,0.0,0.8148242868315537,0.0,0.0,0.1851757131684464
0.3841587386024876,0.0,0.0,0.22435474111698833,0.08279369941601443,0.0,0.30869282086450955
0.2202121904605111,0.0,0.6126074647616623,0.0,0.12547244078689682,0.041707903990929864,0.0
0.0,0.0,0.0,0.670870088832764,0.039289934369027814,0.03985259006883353,0.2499873867293746
0.0,0.0,0.0,0.5892694683650256,0.09903079452422796,0.11627657423526318,0.19542316287548336
0.0,0.0,0.8227154271930587,0.0,0.0,0.1772845728069414,0.0
0.0,0.0,0.0,0.6262940803700381,0.0,0.032734760799415064,0.3409711588305469
0.0,0.0,0.6493549463129191,0.0,0.019254952643049727,0.11829129932085036,0.21309880172318077
0.44096601610232167,0.0,0.40821532284649487,0.0,0.0,0.0,0.15081866105118347
0.0,0.0,0.0,0.8123751723517849,0.0,0.0,0.18762482764821517
0.0,0.0,0.38858646839407135,0.20433723595291256,0.0,0.20796904683442347,0.1991072488185926
0.13690964898163308,0.0,0.7298149119480705,0.0,0.0,0.13327543907029657,0.0
0.2223699294566982,0.0,0.5177940550879424,0.0,0.2598360154553595,0.0,0.0
0.0,0.0,0.0,0.9125354014549326,0.0,0.08746459854506741,0.0
0.1688964255614244,0.0,0.0,0.6449819562939983,0.08572601762824125,0.10039560051633596,0.0
0.6049318624724062,0.0,0.1865952255319728,0.0,0.16027914242177618,0.0,0.04819376957384486
0.31308357324335445,0.0,0.29362195234517835,0.0,0.0,0.0,0.3932944744114673
0.0,0.0,0.0,0.7084487432330154,0.05315469592230518,0.20905761687994062,0.02933894396473883
0.0,0.0,0.0,0.5822225363444791,0.1822858814922086,0.2354915821633123,0.0
0.11198284115579515,0.0,0.5559733902178041,0.0,0.33204376862640084,0.0,0.0
0.0,0.0,0.0,0.643368165506039,0.12224391883059685,0.07702816092771649,0.15735975473564764
0.5558970456459108,0.0,0.2927273464357335,0.0,0.04222483744102566,0.0,0.10915077047732998
0.0,0.0,0.6398692513284929,0.0,0.11087298898448705,0.0,0.24925775968702002
0.5281683206956644,0.0,0.4347793928059207,0.0,0.03705228649841499,0.0,0.0
0.0,0.0,0.6708086393020092,0.0,0.0,0.3291913606979909,0.0
0.0,0.0,0.6819566618464805,0.0,0.0,0.0,0.31804333815351954
0.46751550098277617,0.0,0.15546173813691463,0.0,0.0,0.0,0.3770227608803093
0.19009136782461955,0.0,0.4343906883413095,0.0,0.11522148183463432,0.0,0.2602964619994367
0.0,0.0,0.7283733606583319,0.0,0.0,0.27162663934166814,0.0
0.0,0.0,0.6580063782484605,0.0,0.06564247192147252,0.0,0.276351149830067
0.0,0.0,0.0,0.8707857534583154,0.0,0.0,0.12921424654168465
0.5253611828440955,0.0,0.2490665771010013,0.0,0.20747046657496063,0.018101773479942546,0.0
0.0,0.0,0.8336115172246764,0.0,0.16638848277532353,0.0,0.0
0.0,0.0,0.0,0.7433922404230991,0.02771910741283381,0.0,0.228888652164067
0.0,0.0,0.704067511914903,0.0,0.0,0.1464516208648486,0.14948086722024834
0.0,0.0,0.0,0.7359743876965189,0.07387009586512602,0.1138358312634451,0.07631968517490996
0.0,0.0,0.023311085430153193,0.8171038559172017,0.0,0.1595850586526452,0.0
0.19297481751769555,0.0,0.39533743424632684,0.0,0.09051368984760819,0.12090074663834066,0.20027331175002888
0.0,0.0,0.4840784246803102,0.22267415599732704,0.0,0.29324741932236276,0.0
0.0,0.0,0.6276342606963627,0.0,0.0,0.3723657393036373,0.0
0.0,0.0,0.0,0.6054784297839467,0.0,0.18077816519195522,0.2137434050240981
0.27133803774532683,0.0,0.5143922508385402,0.0,0.1039932328385135,0.0,0.11027647857761952
0.10583441855697161,0.0,0.47229695152018797,0.0,0.07203675235467984,0.34983187756816064,0.0
0.0,0.0,0.0,0.8559155556738988,0.0,0.08353334138171734,0.06055110294438394
0.3198303224659705,0.0,0.3413201440440775,0.0,0.0,0.0,0.33884953348995206
0.0,0.0,0.9279362591000857,0.0,0.0,0.0,0.07206374089991428
0.0,0.0,0.0,0.8241610501679048,0.07703562388835616,0.0,0.0988033259437391
0.0,0.0,0.6053752785055083,0.1760119250095139,0.05011555891212537,0.1684972375728524,0.0
0.25186530563182263,0.0,0.40942081775755135,0.0,0.04308844278964385,0.29562543382098216,0.0
0.0,0.0,0.0,0.6906291976651859,0.18202098174757855,0.0,0.1273498205872355
0.0,0.0,0.0,0.8268288684862237,0.0,0.0,0.17317113151377633
0.476407523409663,0.0,0.3522474698447333,0.0,0.0,0.0,0.17134500674560368
0.4049840196140096,0.0,0.24388777196104483,0.0,0.24547263832553565,0.10565557009940998,0.0
0.09579726425694089,0.0,0.595280510492805,0.0,0.019414743714528854,0.0,0.2895074815357253
0.0,0.5566735430752987,0.31712347666260504,0.0,0.01984841021399174,0.0,0.1063545700481046
0.0,0.0,0.5553418719663462,0.22308988728052379,0.0,0.22156824075313009,0.0
0.0,0.0,0.0,0.8329991645042318,0.0,0.14240414289469114,0.02459669260107698
0.0,0.0,0.0,0.7917476963205679,0.054995614309092604,0.0,0.1532566893703395
0.0,0.0,0.386287137682009,0.47882024758836744,0.13489261472962358,0.0,0.0
0.6187507285885824,0.0,0.2295708881939409,0.0,0.11148850168526776,0.030129349764540805,0.010060531767668131
0.0,0.0,0.5803503483549114,0.04318392289736306,0.024504326796794918,0.35196140195093073,0.0
0.0,0.0,0.0,0.976358526889627,0.0,0.023641473110372964,0.0
0.3177427575636573,0.0,0.1016298106431606,0.17311635996226996,0.0,0.0,0.40751107183091223
0.304761395992902,0.0,0.49219595058313653,0.0,0.010122111559318641,0.0,0.19292054186464277
0.0,0.0,0.6357545912537493,0.0,0.14504372369646626,0.0,0.2192016850497845
0.03880054734598761,0.0,0.5301666997246002,0.0,0.017765568033281852,0.0,0.4132671848961304
0.14409436288775765,0.0,0.0,0.6596057113402675,0.17034784550709586,0.0,0.025952080264878972
0.0,0.0,0.5536853349118779,0.0,0.30816105172400937,0.0,0.13815361336411283
0.0,0.0,0.0,0.8921483649607651,0.0,0.0,0.10785163503923495
0.0,0.0,0.8169646568023483,0.0,0.0421250801143623,0.0,0.14091026308328944
0.0,0.0,0.0,0.8713046292249864,0.09114619752252263,0.0,0.03754917325249091
0.0,0.0,0.7358803619292468,0.0,0.01957891470002302,0.09010918112595566,0.1544315422447746
0.0,0.0,0.8875051313858076,0.0,0.0,0.0,0.11249486861419247
0.0,0.0,0.874092952213552,0.0,0.0,0.0,0.12590704778644807
0.6806986169160341,0.0,0.10510668860576093,0.0,0.0,0.08364448805144342,0.13055020642676168
0.0,0.0,0.5697240199490259,0.05120518417389493,0.0,0.28706709064332814,0.09200370523375105
0.0,0.0,0.6852828596040377,0.04395413833209477,0.07121122895594699,0.1442839551306937,0.05526781797722685
0.0,0.0,0.0,0.8533803135060092,0.0,0.0,0.1466196864939908
0.0,0.0,0.0,0.7145260009727091,0.0,0.0,0.28547399902729087
0.0,0.0,0.5031490607729998,0.27587778239785454,0.0,0.0,0.22097315682914564
0.0,0.0,0.8107295600657242,0.0,0.10128398828637998,0.08798645164789588,0.0
0.0,0.0,0.7181514562731948,0.0,0.0,0.022726590896904594,0.25912195282990075
0.0,0.0,0.0,0.5869728184715199,0.0,0.1160908739013905,0.2969363076270895
0.0,0.0,0.34371700820016554,0.2769713773261509,0.1348691535740916,0.014507780466477146,0.22993468043311482
0.0,0.0,0.42884043902413027,0.2523815066283544,0.2481471741307931,0.0,0.07063088021672229
0.0,0.0,0.0,0.8065784035959742,0.19342159640402576,0.0,0.0
0.8441693181825506,0.0,0.0232088501602019,0.0,0.0,0.09451978497548516,0.03810204668176228
0.0,0.0,0.5106313928349678,0.13606500967015744,0.05135179901463375,0.0,0.30195179848024095
0.39726312077349013,0.0,0.34666561591235473,0.0,0.014951639391881924,0.22034864824645137,0.02077097567582178
0.0,0.0,0.05892177855313802,0.765462517487,0.11519904337313118,0.0,0.06041666058673063
0.3296177570971706,0.0,0.48566434656178575,0.0,0.13189354861807967,0.0,0.052824347722964064
0.06650219438614455,0.0,0.6752032577097478,0.0,0.08469437088407006,0.17360017702003758,0.0
0.0,0.022548180942578138,0.4490977340147818,0.0,0.0,0.0,0.5283540850426401
0.0,0.0,0.0,0.5342710461305974,0.0,0.06241786018376955,0.4033110936856331
0.04532512344631144,0.0,0.6494850908117853,0.0,0.08724523025796589,0.03513708495987316,0.18280747052406424
0.0,0.0,1.0,0.0,0.0,0.0,0.0
0.0,0.0,0.7268640395868442,0.0,0.11578397236946907,0.15735198804368672,0.0
0.055255260454202086,0.0,0.6427538164829999,0.0,0.21919622133844305,0.0,0.082794701724355
0.1987834652021728,0.0,0.8012165347978272,0.0,0.0,0.0,0.0
0.0,0.0,0.19229743497823992,0.6447500553239303,0.12428683315510833,0.0,0.03866567654272142
0.0889944465754033,0.0,0.5538757106939792,0.0,0.014024064792567285,0.1093258413222846,0.23377993661576554
0.0,0.0,0.21915411586743663,0.6193538204373681,0.0,0.1392339505283939,0.022258113166801333
0.368275553578534,0.0,0.4322737240535691,0.0,0.0,0.1994507223678969,0.0
0.0,0.0,0.7202712237460661,0.0,0.07843169480192266,0.11957340165142917,0.08172367980058205
0.0,0.0,0.3102269289978921,0.43991854007256537,0.042752424027852544,0.0,0.20710210690168993
0.0,0.0,0.0,0.8043343487256374,0.05170444587299607,0.0,0.1439612054013666
0.0,0.0,0.0,0.809612619695429,0.13190377174889195,0.0,0.05848360855567902
0.8187454985970654,0.0,0.0871775997508023,0.0,0.0,0.026488794531718256,0.06758810712041399
0.0,0.0,0.0,0.7001978397379933,0.12438215411754953,0.0,0.1754200061444571
0.0,0.0,0.6551046151946882,0.1913332190989264,0.0,0.15356216570638545,0.0
0.0,0.0,0.0,0.6596779691213294,0.015374296423665487,0.28346987869290474,0.04147785576210048
0.0,0.0,0.0,0.6944688302807269,0.10116373677039854,0.09622565383885653,0.10814177911001811
0.0,0.0,0.11807500581570562,0.45339901616510836,0.20800272523642543,0.0,0.22052325278276047
0.0,0.0,0.4149559241401551,0.2534162414139152,0.06800961704100704,0.0,0.26361821740492275
0.3232100211079365,0.0,0.5337026811257481,0.0,0.05810204659557555,0.0,0.08498525117073986
0.0,0.0,0.7321732792681082,0.0,0.0,0.0,0.2678267207318918
0.1622650246711445,0.0,0.4729480836642033,0.0,0.0,0.344087602890416,0.0206992887742361
0.503319803263402,0.0,0.2990312712908223,0.0,0.0,0.0,0.19764892544577578
0.0,0.0,0.22981906705506658,0.49381391268842334,0.013687344202095542,0.0,0.2626796760544146
0.0,0.0,0.647972417605638,0.0,0.0,0.2582456471749444,0.09378193521941755
0.0,0.0,0.0,0.8743496404006563,0.12565035959934368,0.0,0.0
0.0,0.0,0.492060482107075,0.15946537244797165,0.08276855142288418,0.18586437709761253,0.0798412169244567
0.2614883587941565,0.0,0.0,0.4607715591289464,0.09384721971232399,0.0,0.18389286236457317
0.0,0.0,0.0,0.7992846754790894,0.0,0.03867683171885864,0.16203849280205204
0.052892451664304625,0.0,0.6693037330223756,0.0,0.02521833366509156,0.10691766418536351,0.1456678174628649
0.0,0.0,0.6844832734500893,0.0,0.1149310788637972,0.0,0.2005856476861135
0.0,0.0,0.43161533509151134,0.0,0.08426112714964662,0.22113014231211509,0.2629933954467269
0.0,0.0,0.0,0.7335919207194216,0.21370458341741036,0.0,0.052703495863168
0.0,0.4487333176753389,0.5326668210056847,0.0,0.01859986131897647,0.0,0.0
0.0,0.0,0.0,0.6924289216839391,0.21457285990478475,0.0,0.09299821841127619
0.0,0.0,0.6764790176955348,0.07220582435149095,0.16166373278262888,0.08965142517034545,0.0
0.0,0.0,0.7866623643562747,0.0,0.02065649641336755,0.19268113923035773,0.0
0.35786433262273265,0.0,0.4212883979226707,0.0,0.0,0.0,0.22084726945459665
0.0,0.0,0.0,0.701721187877525,0.2037918407068835,0.0,0.0944869714155915
0.0,0.0,0.4461188875820526,0.2821648746060961,0.0,0.0,0.2717162378118513
0.0,0.0,0.758836676121978,0.0,0.0,0.0,0.24116332387802203
0.3888600137294033,0.0,0.27790681545535395,0.0,0.023406464089682645,0.18521300145558742,0.12461370526997267
0.4215593752574229,0.0,0.520611317102152,0.0,0.057829307640425084,0.0,0.0
0.252882706567241,0.0,0.5056314443696766,0.0,0.0,0.02137118651826949,0.220114662544813
0.0,0.0,0.5900788159066208,0.1995543958480338,0.21036678824534535,0.0,0.0
0.0,0.0,0.5382701925323649,0.0,0.0,0.0,0.4617298074676352
0.0,0.0,0.0,0.7626223350467715,0.08128071759808875,0.15609694735513982,0.0
0.0,0.0,0.7540084427685078,0.0,0.0,0.24599155723149219,0.0
0.0,0.0,0.24339652312681775,0.5127977853405458,0.24380569153263648,0.0,0.0
0.5502279749972925,0.0,0.422389260179335,0.0,0.02738276482337243,0.0,0.0
0.0,0.0,0.0,0.7250137020531329,0.0,0.0,0.27498629794686724
0.0,0.0,0.6654972109264556,0.0,0.09544592350753568,0.0,0.23905686556600872
0.0,0.0,0.19985415609889384,0.41630034839605506,0.18987013788989257,0.0,0.19397535761515852
0.0,0.0,0.0,0.7826087991447064,0.0,0.21739120085529356,0.0
0.0,0.0,0.0,0.5433353545761958,0.2158415556732624,0.034770088985861945,0.20605300076467986
0.11051963849963739,0.0,0.6514358506264533,0.0,0.058304598056773224,0.07969774651578201,0.10004216630135414
0.0,0.0,0.0,0.8554833911683496,0.14451660883165038,0.0,0.0
0.2882946449002218,0.0,0.33925544469858276,0.0,0.21443149682428028,0.15801841357691518,0.0
0.0,0.0,0.6915008662939656,0.0,0.14248469600682584,0.16601443769920868,0.0
0.0,0.0,0.38231522831207587,0.3242282712884245,0.0,0.11344541750242794,0.18001108289707166
0.04589840196764412,0.0,0.0,0.7263139401211821,0.0,0.0,0.22778765791117378
0.2645967831460112,0.0,0.5886928459020416,0.0,0.0,0.0,0.14671037095194714
0.21012387946305774,0.0,0.500498812394942,0.0,0.05039805827752922,0.0466321479932679,0.1923471018712032
0.0,0.0,0.6539111776272707,0.34608882237272937,0.0,0.0,0.0
0.0,0.0,0.05961787130643627,0.685593525098725,0.13477981156397942,0.12000879203085943,0.0
0.6758959679664865,0.0,0.32410403203351346,0.0,0.0,0.0,0.0
0.2929559145662796,0.0,0.4469116000391653,0.0,0.23563644923814797,0.0,0.02449603615640702
0.0,0.7125042389799137,0.10359335168335985,0.0,0.011531337114473125,0.1723710722222535,0.0
